country,Number Code,province,Number Code,winery,Number Code,variety,Number Code
Italy,1,Sicily & Sardinia,1,other,1,White Blend,1
Portugal,2,Douro,2,Rainstorm,2,Portuguese Red,2
US,3,Oregon,3,Sweet Cheeks,3,Pinot Gris,3
France,4,Michigan,4,Trimbach,4,Riesling,4
Germany,5,Alsace,5,Heinz Eifel,5,Pinot Noir,5
Argentina,6,Rheinhessen,6,Jean-Baptiste Adam,6,Gewürztraminer,6
Chile,7,California,7,Kirkland Signature,7,Cabernet Sauvignon,7
Australia,8,Mosel,8,Leon Beyer,8,Chardonnay,8
Austria,9,Other,9,Louis M. Martini,9,Malbec,9
South Africa,10,Mendoza Province,10,Mirassou,10,Red Blend,10
New Zealand,11,Virginia,11,Acrobat,11,Merlot,11
Israel,12,Beaujolais,12,Bianchi,12,Gamay,12
Spain,13,Maule Valley,13,Castello di Amorosa,13,Sauvignon Blanc,13
Romania,14,Bordeaux,14,Duca di Salaparuta,14,Bordeaux-style White Blend,14
Greece,15,Maipo Valley,15,Erath,15,Sangiovese,15
Mexico,16,Washington,16,Feudi del Pisciotto,16,Cabernet Franc,16
Hungary,17,Central Italy,17,Hawkins Cellars,17,Champagne Blend,17
Slovenia,18,Champagne,18,Henry Fessy,18,Bordeaux-style Red Blend,18
Luxembourg,19,Burgundy,19,Robert Hall,19,Rosé,19
England,20,South Australia,20,Sundance,20,Zinfandel,20
Uruguay,21,Burgenland,21,Tarara,21,Grüner Veltliner,21
Lebanon,22,New York,22,Trump,22,Syrah,22
Canada,23,Tuscany,23,Vignerons de Bel Air,23,Nebbiolo,23
Brazil,24,Leyda Valley,24,Corvo,24,Rhône-style Red Blend,24
Morocco,25,Piedmont,25,Souverain,25,Portuguese White,25
Czech Republic,26,Stellenbosch,26,Tres Palacios,26,Sparkling Blend,26
Bulgaria,27,other,27,Simonnet-Febvre,27,Pinot Grigio,27
Cyprus,28,Alentejano,28,Vignerons des Terres Secrètes,28,Tempranillo,28
Turkey,29,Southwest France,29,Basel Cellars,29,,
Moldova,30,Aconcagua Valley,30,Collet,30,,
Croatia,31,Marlborough,31,Schmitt Söhne,31,,
Peru,32,Colchagua Valley,32,Yalumba,32,,
Georgia,33,Casablanca Valley,33,Napa Cellars,33,,
Ukraine,34,Southern Italy,34,Passaggio,34,,
Switzerland,35,Veneto,35,Ferrari-Carano,35,,
Slovakia,36,Northeastern Italy,36,Folie à Deux,36,,
Serbia,37,Judean Hills,37,Heron Hill,37,,
India,38,Alentejo,38,Soquel Vineyards,38,,
Macedonia,39,Coastal Region,39,Ventosa,39,,
Armenia,40,Rhône Valley,40,Lamoreaux Landing,40,,
,,Western Cape,41,Leyda,41,,
,,Galilee,42,Marchesi Antinori,42,,
,,Northern Spain,43,Marchesi de' Frescobaldi,43,,
,,Kremstal,44,Martin Ranch,44,,
,,Hawke's Bay,45,Pardon et Fils,45,,
,,Curicó Valley,46,Piña,46,,
,,Limarí Valley,47,Rideau,47,,
,,Languedoc-Roussillon,48,Dopff & Irion,48,,
,,Provence,49,Ceretto,49,,
,,Catalonia,50,Matrix,50,,
,,Rapel Valley,51,Mauritson,51,,
,,Rheingau,52,Silverado,52,,
,,Valle de Guadalupe,53,Pierre Sparr,53,,
,,Central Valley,54,Poderi Luigi Einaudi,54,,
,,Weinviertel,55,Kuentz-Bas,55,,
,,Wagram,56,Domaine Zind-Humbrecht,56,,
,,Lombardy,57,Terra Valentine,57,,
,,Kamptal,58,Testarossa,58,,
,,Südsteiermark,59,Weingut Liebfrauenstift,59,,
,,Niederösterreich,60,Wrath,60,,
,,Vinho Verde,61,Herdade Grande,61,,
,,Idaho,62,Big Basin,62,,
,,Tejo,63,Castello di Gabbiano,63,,
,,Western Australia,64,Castello Romitorio,64,,
,,Martinborough,65,Chronic Cellars,65,,
,,Central Otago,66,Claiborne & Churchill,66,,
,,Lisboa,67,Collin-Bourisset,67,,
,,France Other,68,Cono Sur,68,,
,,Península de Setúbal,69,Duckhorn,69,,
,,Australia Other,70,Dutton-Goldfield,70,,
,,Victoria,71,Fritz Haag,71,,
,,Central Spain,72,Le Cadeau,72,,
,,Nahe,73,Kenwood,73,,
,,Loire Valley,74,La Chablisienne,74,,
,,Pfalz,75,Manzoni,75,,
,,Robertson,76,McIntyre Vineyards,76,,
,,Wachau,77,Anaba,77,,
,,Dão,78,Viña Bisquertt,78,,
,,Cachapoal Valley,79,Emiliana,79,,
,,Levante,80,Sequum,80,,
,,America,81,Sierra Starr,81,,
,,Österreichischer Sekt,82,Yatir,82,,
,,San Antonio,83,Adega Cooperativa de Borba,83,,
,,Carnuntum,84,J. Lohr,84,,
,,England,85,Courtney Benham,85,,
,,Bairrada,86,Famille Perrin,86,,
,,Mosel-Saar-Ruwer,87,MCV,87,,
,,Colorado,88,Mounts,88,,
,,British Columbia,89,Mendel,89,,
,,Ontario,90,Wagner,90,,
,,Thracian Valley,91,Treleaven,91,,
,,Italy Other,92,Benessere,92,,
,,,,Bloomer Creek,93,,
,,,,Silvan Ridge,94,,
,,,,Hermann J. Wiemer,95,,
,,,,J. & F. Lurton,96,,
,,,,Finca Las Moras,97,,
,,,,Amity,98,,
,,,,Blue Rock,99,,
,,,,Graham Beck,100,,
,,,,Hartenberg,101,,
,,,,Willamette Valley Vineyards,102,,
,,,,Byron,103,,
,,,,Jardin,104,,
,,,,Kaiken,105,,
,,,,Lungarotti,106,,
,,,,O. Fournier,107,,
,,,,Sottano,108,,
,,,,St. Francis,109,,
,,,,Forstreiter,110,,
,,,,Cambria,111,,
,,,,I Giusti e Zanza,112,,
,,,,J. Christopher,113,,
,,,,Viña Cobos,114,,
,,,,Salomon-Undhof,115,,
,,,,Talley,116,,
,,,,Finca Sophenia,117,,
,,,,Ventisquero,118,,
,,,,Arboleda,119,,
,,,,Cantina del Nebbiolo,120,,
,,,,Claudia Springs,121,,
,,,,Cramele Recas,122,,
,,,,Mount Veeder,123,,
,,,,Robert Mondavi,124,,
,,,,Aresti,125,,
,,,,De Martino,126,,
,,,,Beringer,127,,
,,,,Brutocao,128,,
,,,,Clos La Chance,129,,
,,,,Jacquart,130,,
,,,,Koyle,131,,
,,,,Pezzi King,132,,
,,,,Robert Weil,133,,
,,,,Cavallotto,134,,
,,,,Rochioli,135,,
,,,,Louis Latour,136,,
,,,,Bel Colle,137,,
,,,,Winderlea,138,,
,,,,Sebastiani,139,,
,,,,Elena Walch,140,,
,,,,Valiano,141,,
,,,,Zenato,142,,
,,,,L.A. Cetto,143,,
,,,,La Vis,144,,
,,,,Lapostolle,145,,
,,,,Carmen,146,,
,,,,Tommasi,147,,
,,,,Merriam,148,,
,,,,Murphy-Goode,149,,
,,,,Kynsi,150,,
,,,,Cantina Terlano,151,,
,,,,Valdivieso,152,,
,,,,Bridlewood,153,,
,,,,San Pedro,154,,
,,,,Undurraga,155,,
,,,,Cline,156,,
,,,,McGregor,157,,
,,,,Red Newt Cellars,158,,
,,,,Château de Marsan,159,,
,,,,Guardian,160,,
,,,,Las Positas,161,,
,,,,Lieb,162,,
,,,,Macari,163,,
,,,,Malat,164,,
,,,,Milbrandt,165,,
,,,,Ojai,166,,
,,,,ONX,167,,
,,,,Pomum,168,,
,,,,Revello Fratelli,169,,
,,,,Trione,170,,
,,,,Walla Walla Vintners,171,,
,,,,Wölffer,172,,
,,,,Roederer Estate,173,,
,,,,Rusack,174,,
,,,,Bellavista,175,,
,,,,Chanoine,176,,
,,,,Chehalem,177,,
,,,,Henri de Villamont,178,,
,,,,Vollereaux,179,,
,,,,Wittmann,180,,
,,,,Deutz,181,,
,,,,Domaine Serene,182,,
,,,,Dr. Loosen,183,,
,,,,H. Blin,184,,
,,,,Bell,185,,
,,,,Sparkman,186,,
,,,,Babcock,187,,
,,,,Louis Bernard,188,,
,,,,Lyeth,189,,
,,,,Winzer Krems,190,,
,,,,Knapp,191,,
,,,,Lava Cap,192,,
,,,,Michael Pozzan,193,,
,,,,Domaine du Grand Cros,194,,
,,,,El Coto,195,,
,,,,Hanna,196,,
,,,,Alain Jaume et Fils,197,,
,,,,Camaraderie,198,,
,,,,Conn Creek,199,,
,,,,D.R. Stephens,200,,
,,,,Davis Family,201,,
,,,,Rex Hill,202,,
,,,,Joseph Jewell,203,,
,,,,Le Vigne,204,,
,,,,Maximin Grünhäuser,205,,
,,,,Northstar,206,,
,,,,Paul O'Brien,207,,
,,,,Flying Goat Cellars,208,,
,,,,Midsummer Cellars,209,,
,,,,Les Belles Collines,210,,
,,,,Lutum,211,,
,,,,Iron Horse,212,,
,,,,Artesa,213,,
,,,,Carlisle,214,,
,,,,Château Vignelaure,215,,
,,,,Mas de Cadenet,216,,
,,,,Resalte,217,,
,,,,Terre Rouge,218,,
,,,,Limerick Lane,219,,
,,,,Loring Wine Company,220,,
,,,,World's End,221,,
,,,,Benegas,222,,
,,,,W.H. Smith,223,,
,,,,Alleromb,224,,
,,,,Ardor,225,,
,,,,Château de l'Aubrade,226,,
,,,,Chateau Lafayette Reneau,227,,
,,,,Cupcake,228,,
,,,,Savage Grace,229,,
,,,,Steininger,230,,
,,,,Stevens,231,,
,,,,Strauss,232,,
,,,,Kontos,233,,
,,,,L'Ecole No. 41,234,,
,,,,Midnight,235,,
,,,,Príncipe de Viana,236,,
,,,,Proemio,237,,
,,,,Quinta do Portal,238,,
,,,,Raptor Ridge,239,,
,,,,Rodney Strong,240,,
,,,,Saintsbury,241,,
,,,,B Cellars,242,,
,,,,Barlow,243,,
,,,,Colter's Creek,244,,
,,,,Walt,245,,
,,,,WillaKenzie Estate,246,,
,,,,Willm,247,,
,,,,Jean-Marc Bernhard,248,,
,,,,Armida,249,,
,,,,Domaines Schlumberger,250,,
,,,,Foxen,251,,
,,,,Luis Duarte,252,,
,,,,Niner,253,,
,,,,Purple Hands,254,,
,,,,Quinta da Lagoalva de Cima,255,,
,,,,Reichsgraf von Kesselstatt,256,,
,,,,Plantagenet,257,,
,,,,Sipp Mack,258,,
,,,,Stoller,259,,
,,,,Vine Cliff,260,,
,,,,Va Piano,261,,
,,,,Y Rousseau,262,,
,,,,Monte Volpe,263,,
,,,,Palladino,264,,
,,,,Paradise Ridge,265,,
,,,,Poet's Leap,266,,
,,,,Raphael,267,,
,,,,Seven Hills,268,,
,,,,Snoqualmie,269,,
,,,,The Withers Winery,270,,
,,,,Truchard,271,,
,,,,Acacia,272,,
,,,,Barrister,273,,
,,,,Bunnell,274,,
,,,,Castello di Querceto,275,,
,,,,Chateau Ste. Michelle,276,,
,,,,Comm. G. B. Burlotto,277,,
,,,,Cooper-Garrod,278,,
,,,,Nittnaus Hans und Christine,279,,
,,,,Nottingham Cellars,280,,
,,,,Poggio Argentiera,281,,
,,,,Pride Mountain,282,,
,,,,Ruffino,283,,
,,,,Saint Clair,284,,
,,,,Woodinville Wine Cellars,285,,
,,,,Château d'Esclans,286,,
,,,,Château Sainte Marguerite,287,,
,,,,Cloudy Bay,288,,
,,,,Domaine Sainte-Marie,289,,
,,,,Dry Creek Vineyard,290,,
,,,,Dutton Estate,291,,
,,,,Failla,292,,
,,,,Friedeman,293,,
,,,,Benvenuto de la Serna,294,,
,,,,Carrick,295,,
,,,,JCB,296,,
,,,,Casca Wines,297,,
,,,,Cortes de Cima,298,,
,,,,Domaine Bousquet,299,,
,,,,Messias,300,,
,,,,Domaine Poulleau Père et Fils,301,,
,,,,Wines & Winemakers,302,,
,,,,Lagarde,303,,
,,,,Marchesi di Barolo,304,,
,,,,Pech Merle,305,,
,,,,Punset,306,,
,,,,Jacob's Creek,307,,
,,,,Casa Larga,308,,
,,,,Cave de Beblenheim,309,,
,,,,De Loach,310,,
,,,,Dopff Au Moulin,311,,
,,,,Center of Effort,312,,
,,,,Handley,313,,
,,,,Kuleto Estate,314,,
,,,,MacRostie,315,,
,,,,Monte De Oro,316,,
,,,,G. H. Mumm,317,,
,,,,Monte da Penha,318,,
,,,,Patton Valley,319,,
,,,,Pierre Gimonnet et Fils,320,,
,,,,Adelsheim,321,,
,,,,Bruno Paillard,322,,
,,,,Castello d'Albola,323,,
,,,,Ferrari,324,,
,,,,Laetitia,325,,
,,,,Bella,326,,
,,,,Quinta do Sagrado,327,,
,,,,St. Supéry,328,,
,,,,Von Schleinitz,329,,
,,,,Barnard Griffin,330,,
,,,,Bernard Magrez,331,,
,,,,Brian Carter Cellars,332,,
,,,,Efeste,333,,
,,,,Firesteed,334,,
,,,,Aiken,335,,
,,,,Donkey & Goat,336,,
,,,,Finn Hill,337,,
,,,,Keuka Spring,338,,
,,,,La Playa,339,,
,,,,Still Waters,340,,
,,,,Terrapura,341,,
,,,,Domaine du Vissoux,342,,
,,,,Georges Duboeuf,343,,
,,,,Juvé y Camps,344,,
,,,,Laurent Gauthier,345,,
,,,,Leaping Horse,346,,
,,,,Maryhill,347,,
,,,,Domaine Bott-Geyl,348,,
,,,,Domaine Faiveley,349,,
,,,,Domaine Jacques Prieur,350,,
,,,,Domaine René Bouvier,351,,
,,,,Dr. H. Thanisch (Erben Thanisch),352,,
,,,,Easton,353,,
,,,,Edna Valley Vineyard,354,,
,,,,Fess Parker,355,,
,,,,Baglio del Cristo di Campobello,356,,
,,,,Carabella,357,,
,,,,Greenwood Ridge,358,,
,,,,Vall Llach,359,,
,,,,Ceralti,360,,
,,,,Château Ferrière,361,,
,,,,J Vineyards & Winery,362,,
,,,,Owen Roe,363,,
,,,,Bergevin Lane,364,,
,,,,Leonesse Cellars,365,,
,,,,Market Vineyards,366,,
,,,,Mazzei,367,,
,,,,Quinta do Vallado,368,,
,,,,Cascina Bruciata,369,,
,,,,Castello di Neive,370,,
,,,,Antucura,371,,
,,,,Fullerton,372,,
,,,,Graffigna,373,,
,,,,Coelho,374,,
,,,,Evans & Tate,375,,
,,,,Falua,376,,
,,,,Sidewood,377,,
,,,,Borgogno F.lli Serio e Battista,378,,
,,,,Cuda Ridge Wines,379,,
,,,,Francis Coppola,380,,
,,,,Frank Family,381,,
,,,,Real Companhia Velha,382,,
,,,,Santos & Seixo,383,,
,,,,Travaglini,384,,
,,,,Amalie Robert,385,,
,,,,Bersano,386,,
,,,,Vranken,387,,
,,,,Santa Ema,388,,
,,,,One Hope,389,,
,,,,Pommery,390,,
,,,,Alexander Valley Vineyards,391,,
,,,,Covington,392,,
,,,,Kendall-Jackson,393,,
,,,,X,394,,
,,,,Château Lamothe-Vincent,395,,
,,,,Yvon Mau,396,,
,,,,Breggo,397,,
,,,,Pascual Toso,398,,
,,,,Lachini,399,,
,,,,Dancing Bull,400,,
,,,,Domaine des Terrisses,401,,
,,,,Fournier Père et Fils,402,,
,,,,Benanti,403,,
,,,,The Four Graces,404,,
,,,,Benton-Lane,405,,
,,,,Brecon Estate,406,,
,,,,Callaway,407,,
,,,,Ruhlmann,408,,
,,,,Spring Mountain Vineyard,409,,
,,,,Terrazas de Los Andes,410,,
,,,,Dalton,411,,
,,,,Domaine Barmès-Buecher,412,,
,,,,Dragonette,413,,
,,,,Grgich Hills,414,,
,,,,Omaka Springs,415,,
,,,,Ventana,416,,
,,,,Sur de los Andes,417,,
,,,,Setzer,418,,
,,,,Irony,419,,
,,,,Estancia,420,,
,,,,Graf Hardegg,421,,
,,,,Château Bélingard,422,,
,,,,Scott Harvey,423,,
,,,,Trisaetum,424,,
,,,,Bergström,425,,
,,,,Mauro Veglio,426,,
,,,,Poças,427,,
,,,,Shafer,428,,
,,,,Ascheri,429,,
,,,,Big Table Farm,430,,
,,,,Williams Selyem,431,,
,,,,Cayuse,432,,
,,,,Chappellet,433,,
,,,,Dion,434,,
,,,,Santa Alicia,435,,
,,,,Rutherford Ranch,436,,
,,,,Weixelbaum,437,,
,,,,Landmark,438,,
,,,,Mercer,439,,
,,,,Bonny Doon,440,,
,,,,Carpineto,441,,
,,,,Château d'Or et de Gueules,442,,
,,,,Citille di Sopra,443,,
,,,,Daou,444,,
,,,,Three Brothers,445,,
,,,,Wilridge,446,,
,,,,Belden Barns,447,,
,,,,Apaltagua,448,,
,,,,Concha y Toro,449,,
,,,,Madrigal,450,,
,,,,Millbrook,451,,
,,,,Santa Rita,452,,
,,,,Spicy Vines,453,,
,,,,Les Vignerons Réunis de Monségur,454,,
,,,,Felsner,455,,
,,,,Tsantali,456,,
,,,,Ghost Pines,457,,
,,,,Wellington,458,,
,,,,Trapiche,459,,
,,,,Louis Guntrum,460,,
,,,,Pali,461,,
,,,,Rutini,462,,
,,,,Zolo,463,,
,,,,Bailly-Lapierre,464,,
,,,,Château de Fuissé,465,,
,,,,Château de Santenay,466,,
,,,,Chime,467,,
,,,,Christophe Cordier,468,,
,,,,Aubichon Cellars,469,,
,,,,Bouchard Père & Fils,470,,
,,,,Cambridge & Sunset,471,,
,,,,Cascina Chicco,472,,
,,,,Poderi Colla,473,,
,,,,Quinta da Foz,474,,
,,,,Tamber Bey,475,,
,,,,Tantara,476,,
,,,,Westerly,477,,
,,,,Bacalhôa Wines of Portugal,478,,
,,,,J. Portugal Ramos,479,,
,,,,Longboard,480,,
,,,,Secret Spot Wines,481,,
,,,,Balletto,482,,
,,,,Bien Nacido,483,,
,,,,Castellare di Castellina,484,,
,,,,Mulderbosch,485,,
,,,,Provenance Vineyards,486,,
,,,,Washington Hills,487,,
,,,,Cameron Hughes,488,,
,,,,Venta Morales,489,,
,,,,Firriato,490,,
,,,,Hosmer,491,,
,,,,Ancient Oak Cellars,492,,
,,,,Cosentino,493,,
,,,,Markham,494,,
,,,,Petroni,495,,
,,,,Aveleda,496,,
,,,,Brotherhood,497,,
,,,,Cave de Lugny,498,,
,,,,Dashwood,499,,
,,,,Demetria,500,,
,,,,Domdechant Werner,501,,
,,,,Dr. Fischer,502,,
,,,,Pinord,503,,
,,,,Quintas de Melgaço,504,,
,,,,Rosenblum,505,,
,,,,Summers,506,,
,,,,Yealands,507,,
,,,,Albet I Noya,508,,
,,,,Allram,509,,
,,,,Alta Alella,510,,
,,,,Ampelos,511,,
,,,,Challen,512,,
,,,,Château Coutinel,513,,
,,,,Damiani,514,,
,,,,Domäne Wachau,515,,
,,,,Écluse,516,,
,,,,14 Hands,517,,
,,,,Flying Trout,518,,
,,,,Toad Hollow,519,,
,,,,Gainey,520,,
,,,,Bonterra,521,,
,,,,Chaddsford,522,,
,,,,Montevina,523,,
,,,,Quinta de Ventozelo,524,,
,,,,Substance,525,,
,,,,S.A. Prüm,526,,
,,,,Apriori,527,,
,,,,Bodega Norton,528,,
,,,,C. von Nell-Breuning,529,,
,,,,Casa da Passarella,530,,
,,,,Colterenzio,531,,
,,,,Mario Schiopetto,532,,
,,,,Martin Ray,533,,
,,,,Matchbook,534,,
,,,,Domaine Weinbach,535,,
,,,,Dunham,536,,
,,,,Tamarack Cellars,537,,
,,,,Pamplin,538,,
,,,,Rieflé,539,,
,,,,Rocca,540,,
,,,,Buty,541,,
,,,,Kanonkop,542,,
,,,,Fritsch,543,,
,,,,Epoch Estate Wines,544,,
,,,,Alex Gambal,545,,
,,,,Louis Jadot,546,,
,,,,Masi,547,,
,,,,Freemark Abbey,548,,
,,,,Georges Vigouroux,549,,
,,,,Joseph Phelps,550,,
,,,,Mesa Del Sol,551,,
,,,,Mouchão,552,,
,,,,Pine Ridge,553,,
,,,,Sandler,554,,
,,,,Tolosa,555,,
,,,,Villa Poggio Salvi,556,,
,,,,Volker Eisele Family Estate,557,,
,,,,TerraNoble,558,,
,,,,Arbor Crest,559,,
,,,,Chilensis,560,,
,,,,Domaines Barons de Rothschild (Lafite),561,,
,,,,Fetzer,562,,
,,,,Barker's Marque,563,,
,,,,Castello di Monastero,564,,
,,,,Michel Torino,565,,
,,,,Santa Julia,566,,
,,,,Small Vines,567,,
,,,,Tasca d'Almerita,568,,
,,,,Bründlmayer,569,,
,,,,Château de Gaudou,570,,
,,,,Château des Jacques,571,,
,,,,Happy Canyon Vineyard,572,,
,,,,Planeta,573,,
,,,,Charles Krug,574,,
,,,,Santa Carolina,575,,
,,,,Steven Kent,576,,
,,,,Hauner,577,,
,,,,Herdade do Esporão,578,,
,,,,Bodegas Luzón,579,,
,,,,Volver,580,,
,,,,Cellars 33,581,,
,,,,Château de la Vieille Tour,582,,
,,,,Château Lauduc,583,,
,,,,DFJ Vinhos,584,,
,,,,Sanguinhal,585,,
,,,,Quilceda Creek,586,,
,,,,Château Margaux,587,,
,,,,Château Palmer,588,,
,,,,Tenuta San Guido,589,,
,,,,Château La Mission Haut-Brion,590,,
,,,,Château Léoville Poyferré,591,,
,,,,Tenuta Argentiera,592,,
,,,,Château Haut-Brion,593,,
,,,,Château Lynch-Bages,594,,
,,,,Groth,595,,
,,,,Château Mouton Rothschild,596,,
,,,,Château Branaire-Ducru,597,,
,,,,Doyenne,598,,
,,,,Hanzell,599,,
,,,,Billsboro,600,,
,,,,Château Frank,601,,
,,,,Château Larrivet Haut-Brion,602,,
,,,,Château Potensac,603,,
,,,,Dark Horse,604,,
,,,,Domaine Anderson,605,,
,,,,Gamache,606,,
,,,,Paumanok,607,,
,,,,Browne Family Vineyards,608,,
,,,,Gabriel Meffre,609,,
,,,,Alta Vista,610,,
,,,,Saget la Perrière,611,,
,,,,The Williamsburg Winery,612,,
,,,,Valentin Bianchi,613,,
,,,,Jean-Max Roger,614,,
,,,,Magnum Vinhos,615,,
,,,,Gnarly Head,616,,
,,,,Ca' Momi,617,,
,,,,Enoport,618,,
,,,,Fiuza,619,,
,,,,Grayson,620,,
,,,,Leaping Lizard,621,,
,,,,Portal del Montsant,622,,
,,,,Decoy,623,,
,,,,Adega Mãe,624,,
,,,,Oak Knoll,625,,
,,,,Parras Wines,626,,
,,,,Cliff Creek,627,,
,,,,Quady North,628,,
,,,,Tardieu-Laurent,629,,
,,,,Bonaccorsi,630,,
,,,,Chanin,631,,
,,,,Lange,632,,
,,,,Markus Huber,633,,
,,,,Melrose,634,,
,,,,Qupé,635,,
,,,,Türk,636,,
,,,,Recanati,637,,
,,,,Renwood,638,,
,,,,Marqués de Cáceres,639,,
,,,,Bodegas Riojanas,640,,
,,,,Presqu'ile,641,,
,,,,Sante Arcangeli,642,,
,,,,Syncline,643,,
,,,,Two Vintners,644,,
,,,,Château Bouscaut,645,,
,,,,Château Phélan-Ségur,646,,
,,,,Darcie Kent Vineyards,647,,
,,,,Producta Vignobles,648,,
,,,,Silver Thread,649,,
,,,,V. Sattui,650,,
,,,,Cave B,651,,
,,,,Château Los Boldos,652,,
,,,,Domaine de la Sanglière,653,,
,,,,Château de Belcier,654,,
,,,,Château des Tourtes,655,,
,,,,Helix by Reininger,656,,
,,,,Château Haut Bertinerie,657,,
,,,,Koenig Vineyards,658,,
,,,,Krutz,659,,
,,,,Amavi,660,,
,,,,Bouchaine,661,,
,,,,Bucher,662,,
,,,,Villadoria,663,,
,,,,Château Cos d'Estournel,664,,
,,,,Quinta do Casal Branco,665,,
,,,,Lanson,666,,
,,,,Red Rock,667,,
,,,,Quinta da Lapa,668,,
,,,,Espaço Rural,669,,
,,,,Loron et Fils,670,,
,,,,Bocopa,671,,
,,,,Alias,672,,
,,,,Bota Box,673,,
,,,,Long Meadow Ranch,674,,
,,,,Medlock Ames,675,,
,,,,Peirano,676,,
,,,,Alamos,677,,
,,,,Black Box,678,,
,,,,Hendry,679,,
,,,,White Oak,680,,
,,,,Château Clerc Milon,681,,
,,,,Nefarious,682,,
,,,,Château Gruaud Larose,683,,
,,,,Gérard Bertrand,684,,
,,,,Terre del Marchesato,685,,
,,,,Chandon,686,,
,,,,Patz & Hall,687,,
,,,,Angel Vine,688,,
,,,,Ponzi,689,,
,,,,Torres,690,,
,,,,Piattelli,691,,
,,,,Ànima Negra,692,,
,,,,Caliterra,693,,
,,,,Errazuriz,694,,
,,,,Virna Borgogno,695,,
,,,,Pezat,696,,
,,,,Robert Oatley,697,,
,,,,Stroppiana,698,,
,,,,Anakena,699,,
,,,,Waterbrook,700,,
,,,,Hawks View,701,,
,,,,Collier Falls,702,,
,,,,Dumas Station,703,,
,,,,O•S Winery,704,,
,,,,SuLei,705,,
,,,,Valle Secreto,706,,
,,,,Binyamina,707,,
,,,,Wild Horse,708,,
,,,,Robert Perroud,709,,
,,,,Turnbull,710,,
,,,,Château Tour des Gendres,711,,
,,,,Cottanera,712,,
,,,,Pessagno,713,,
,,,,Principi di Spadafora,714,,
,,,,Renteria,715,,
,,,,Signé Vigneron,716,,
,,,,Wunsch & Mann,717,,
,,,,Cave de Kientzheim-Kaysersberg,718,,
,,,,Cave de Cleebourg,719,,
,,,,Rock Wall,720,,
,,,,Sanglier Cellars,721,,
,,,,Mezzacorona,722,,
,,,,Quinta de Porrais,723,,
,,,,Drappier,724,,
,,,,Falcone,725,,
,,,,Fratelli Alessandria,726,,
,,,,G D Vajra,727,,
,,,,Grimaldi Bruna,728,,
,,,,Zull,729,,
,,,,Cascina Ballarin,730,,
,,,,Damilano,731,,
,,,,Giacomo Grimaldi,732,,
,,,,Alma Rosa,733,,
,,,,Balboa,734,,
,,,,Coeur d'Alene,735,,
,,,,Peju,736,,
,,,,Soutiran,737,,
,,,,Sobon Estate,738,,
,,,,Kenneth Volk,739,,
,,,,Fenestra,740,,
,,,,Château du Galoupet,741,,
,,,,Gerovassiliou,742,,
,,,,Firestone,743,,
,,,,Gård,744,,
,,,,Alexandria Nicole,745,,
,,,,Anthony Nappa,746,,
,,,,Justin,747,,
,,,,Leese-Fitch,748,,
,,,,Obelisco Estate,749,,
,,,,Freeman,750,,
,,,,Codorníu,751,,
,,,,L. Tramier & Fils,752,,
,,,,Kokomo,753,,
,,,,La Crema,754,,
,,,,Matthews,755,,
,,,,Monchiero,756,,
,,,,Muga,757,,
,,,,Paraduxx,758,,
,,,,Peter Paul Wines,759,,
,,,,Pratsch,760,,
,,,,E. Guigal,761,,
,,,,Leonetti Cellar,762,,
,,,,Osprey's Dominion,763,,
,,,,Parducci,764,,
,,,,Sculpterra,765,,
,,,,Terlato,766,,
,,,,Thomas Fogarty,767,,
,,,,Lone Madrone,768,,
,,,,Lucien Albrecht,769,,
,,,,Merryvale,770,,
,,,,Paul Blanck,771,,
,,,,Jason-Stephens,772,,
,,,,Kim Crawford,773,,
,,,,William Fèvre,774,,
,,,,Hahn,775,,
,,,,Columbia Crest,776,,
,,,,Fulkerson,777,,
,,,,Merry Edwards,778,,
,,,,Poggio Antico,779,,
,,,,Domaine Leflaive,780,,
,,,,Proidl,781,,
,,,,Arrowood,782,,
,,,,Bindi Sergardi,783,,
,,,,Buena Vista,784,,
,,,,Dominican Oaks,785,,
,,,,Girardet,786,,
,,,,Casarena,787,,
,,,,Novy,788,,
,,,,Geh. Rat Dr. von Bassermann-Jordan,789,,
,,,,Trinchero,790,,
,,,,Borgo Scopeto,791,,
,,,,Château Saint-Pierre,792,,
,,,,Atwater,793,,
,,,,Balduzzi,794,,
,,,,Viña Casas Patronales,795,,
,,,,Montes,796,,
,,,,Sagelands,797,,
,,,,Santa Luz,798,,
,,,,McFadden,799,,
,,,,Canoe Ridge,800,,
,,,,Domaines Devillard,801,,
,,,,Novelty Hill,802,,
,,,,Hogue,803,,
,,,,Lionel Osmin & Cie,804,,
,,,,Airfield Estates,805,,
,,,,Biltmore Estate,806,,
,,,,Casa de Vilacetinho,807,,
,,,,Casa Santos Lima,808,,
,,,,Caves Transmontanas,809,,
,,,,Caves Velhas,810,,
,,,,Deaver,811,,
,,,,Quinta Nova de Nossa Senhora do Carmo,812,,
,,,,Rui Roboredo Madeira,813,,
,,,,Uptick Vineyards,814,,
,,,,Château de Pizay,815,,
,,,,Lomas del Valle,816,,
,,,,Domaine Carneros,817,,
,,,,Jamieson Ranch,818,,
,,,,Rancho Zabaco,819,,
,,,,Thurston Wolfe,820,,
,,,,Two Mountain,821,,
,,,,Borra,822,,
,,,,Château Giscours,823,,
,,,,Château Teyssier,824,,
,,,,Line 39,825,,
,,,,Clos Pegase,826,,
,,,,Joseph Drouhin,827,,
,,,,Lis Neris,828,,
,,,,Domaine Zinck,829,,
,,,,Archium,830,,
,,,,Asuncion Ridge,831,,
,,,,Paul Hobbs,832,,
,,,,Giacomo Fenocchio,833,,
,,,,Rizzi,834,,
,,,,Marimar Estate,835,,
,,,,Cordero di Montezemolo,836,,
,,,,Barale Fratelli,837,,
,,,,Brezza,838,,
,,,,Paolo Scavino,839,,
,,,,Pio Cesare,840,,
,,,,Rivetto,841,,
,,,,Matanzas Creek,842,,
,,,,Nastl,843,,
,,,,Patland,844,,
,,,,Jekel,845,,
,,,,Gunter Triebaumer,846,,
,,,,Jaffurs,847,,
,,,,Gibbs,848,,
,,,,Brancott,849,,
,,,,Brick & Mortar,850,,
,,,,Valle dell'Acate,851,,
,,,,Hightower,852,,
,,,,Full Pull & Friends,853,,
,,,,Genoa,854,,
,,,,Pala,855,,
,,,,Stottle,856,,
,,,,àMaurice,857,,
,,,,Château de Chantegrive,858,,
,,,,F X Pichler,859,,
,,,,Frankland Estate,860,,
,,,,Hirsch,861,,
,,,,Peter Nicolay,862,,
,,,,La Clarine Farm,863,,
,,,,Maldonado,864,,
,,,,Bougetz,865,,
,,,,West Cape Howe,866,,
,,,,Funky Llama,867,,
,,,,Mazzocco,868,,
,,,,Four Vines,869,,
,,,,Antiyal,870,,
,,,,Liberty School,871,,
,,,,Casa di Terra,872,,
,,,,Donna Olimpia 1898,873,,
,,,,J. Bookwalter,874,,
,,,,Januik,875,,
,,,,Frazier,876,,
,,,,Riglos,877,,
,,,,Keller Estate,878,,
,,,,Melville,879,,
,,,,Bravium,880,,
,,,,Antonin Rodet,881,,
,,,,Bodegas Muriel,882,,
,,,,Gloria Ferrer,883,,
,,,,Hall,884,,
,,,,River Road,885,,
,,,,Opolo,886,,
,,,,Savannah-Chanelle,887,,
,,,,Morandé,888,,
,,,,Union de Vignerons de l'Île de Beauté,889,,
,,,,Tortoise Creek,890,,
,,,,Vermeil,891,,
,,,,Viña Maipo,892,,
,,,,Woodbridge by Robert Mondavi,893,,
,,,,Echeverria,894,,
,,,,Black Stallion,895,,
,,,,Bodega Volcanes de Chile,896,,
,,,,Rios de Chile,897,,
,,,,Loma Larga,898,,
,,,,Twisted,899,,
,,,,Four Sisters Ranch,900,,
,,,,Frei Brothers,901,,
,,,,Indomita,902,,
,,,,Herdade dos Machados,903,,
,,,,Sean Minor,904,,
,,,,Lost Angel,905,,
,,,,Barton & Guestier,906,,
,,,,Plungerhead,907,,
,,,,Stephen Ross,908,,
,,,,Boudreaux Cellars,909,,
,,,,:Nota Bene,910,,
,,,,Andis,911,,
,,,,Bonacchi,912,,
,,,,Cave du Marmandais,913,,
,,,,Charles & Charles,914,,
,,,,Château de Parenchère,915,,
,,,,Château Maison Noble,916,,
,,,,Guicciardini Strozzi,917,,
,,,,Marietta Cellars,918,,
,,,,Ste. Chapelle,919,,
,,,,Protos,920,,
,,,,Contadi Castaldi,921,,
,,,,Ken Wright,922,,
,,,,Whitcraft,923,,
,,,,Black Kite,924,,
,,,,Château Lagrézette,925,,
,,,,Domaine de Cause,926,,
,,,,Manuel Olivier,927,,
,,,,Vignerons de Buxy,928,,
,,,,Pagos del Rey,929,,
,,,,Ricci Curbastro,930,,
,,,,Foris,931,,
,,,,Jaffelin,932,,
,,,,Jean-Luc and Paul Aegerter,933,,
,,,,Benziger,934,,
,,,,Herdade do Rocim,935,,
,,,,Pulenta Estate,936,,
,,,,Luigi Bosca,937,,
,,,,Three Fox,938,,
,,,,Castello di Borghese,939,,
,,,,Doña Paula,940,,
,,,,Gilbert Cellars,941,,
,,,,Glenora,942,,
,,,,Anam Cara,943,,
,,,,Archery Summit,944,,
,,,,Cartlidge & Browne,945,,
,,,,Parkers Estate,946,,
,,,,Frostwatch,947,,
,,,,Castoro Cellars,948,,
,,,,Kaleidos,949,,
,,,,Lovingston,950,,
,,,,Closerie du Bailli,951,,
,,,,Domaine François Schmitt,952,,
,,,,Miro,953,,
,,,,Murrieta's Well,954,,
,,,,Obsidian Ridge,955,,
,,,,Robert Biale,956,,
,,,,Spell,957,,
,,,,Gruber Röschitz,958,,
,,,,Joseph Carr,959,,
,,,,Lallier,960,,
,,,,Dr. Heidemanns-Bergweiler,961,,
,,,,Vallana,962,,
,,,,Krupp Brothers,963,,
,,,,Pepper Bridge,964,,
,,,,Forgeron,965,,
,,,,Sterling,966,,
,,,,Charles Ellner,967,,
,,,,Spring Valley Vineyard,968,,
,,,,MacPhail,969,,
,,,,Matarromera,970,,
,,,,Dürnberg,971,,
,,,,Alidis,972,,
,,,,Whitehall Lane,973,,
,,,,Franciscan,974,,
,,,,Kestrel,975,,
,,,,Lavradores de Feitoria,976,,
,,,,Nine Hats,977,,
,,,,Nino Negri,978,,
,,,,Pflüger,979,,
,,,,Picket Fence,980,,
,,,,Yohan Lardy,981,,
,,,,Argyle,982,,
,,,,Flora Springs,983,,
,,,,DeLille,984,,
,,,,Chanson Père et Fils,985,,
,,,,Trefethen,986,,
,,,,McCrea,987,,
,,,,Cadence,988,,
,,,,Miguel Torres,989,,
,,,,Ridge,990,,
,,,,Guenoc,991,,
,,,,Salentein,992,,
,,,,Sattlerhof,993,,
,,,,Bouchard Aîné & Fils,994,,
,,,,Trivento,995,,
,,,,Schug,996,,
,,,,Beaulieu Vineyard,997,,
,,,,Verum,998,,
,,,,Domaine Ostertag,999,,
,,,,Donati,1000,,
,,,,Andeluna,1001,,
,,,,Hess Collection,1002,,
,,,,Il Borro,1003,,
,,,,Lauren Ashton Cellars,1004,,
,,,,Tua Rita,1005,,
,,,,Unger,1006,,
,,,,Bunchgrass,1007,,
,,,,Cantina Produttori San Michele Appiano,1008,,
,,,,Carol Shelton,1009,,
,,,,Pope Valley Winery,1010,,
,,,,The Eyrie Vineyards,1011,,
,,,,Lynmar,1012,,
,,,,Matetic,1013,,
,,,,Vinum,1014,,
,,,,Wise Villa,1015,,
,,,,Maison Bouey,1016,,
,,,,Oyster Bay,1017,,
,,,,Tenuta delle Terre Nere,1018,,
,,,,J. Wilkes,1019,,
,,,,La Posta,1020,,
,,,,Leone de Castris,1021,,
,,,,Melipal,1022,,
,,,,Herdade da Malhadinha Nova,1023,,
,,,,Poggio Nardone,1024,,
,,,,Drew,1025,,
,,,,Rocca delle Macìe,1026,,
,,,,Pierre André,1027,,
,,,,Swedish Hill,1028,,
,,,,Fazeli Cellars,1029,,
,,,,Laird,1030,,
,,,,Schloss Vollrads,1031,,
,,,,Sojourn,1032,,
,,,,Stag's Leap Wine Cellars,1033,,
,,,,Avennia,1034,,
,,,,Cadaretta,1035,,
,,,,Ramos-Pinto,1036,,
,,,,Casa Montes,1037,,
,,,,Gustafson Family,1038,,
,,,,Gracianna,1039,,
,,,,Cable Car,1040,,
,,,,Parras Vinhos,1041,,
,,,,Quinta do Casal Monteiro,1042,,
,,,,Cooperativa Reguengos de Monsaraz,1043,,
,,,,Armanino Family Cellars,1044,,
,,,,Mossback,1045,,
,,,,Peachy Canyon,1046,,
,,,,Quinta da Rede,1047,,
,,,,Reustle,1048,,
,,,,Meyer Family Cellars,1049,,
,,,,Proulx,1050,,
,,,,Roco,1051,,
,,,,Spann Vineyards,1052,,
,,,,Siduri,1053,,
,,,,Fratelli Berlucchi,1054,,
,,,,Hunt Cellars,1055,,
,,,,Château Couhins-Lurton,1056,,
,,,,Château Fonréaud,1057,,
,,,,Château Lynch-Moussas,1058,,
,,,,Lakewood,1059,,
,,,,Left Coast Cellars,1060,,
,,,,Ravines,1061,,
,,,,Naggiar,1062,,
,,,,Sparkling Pointe,1063,,
,,,,Emile Beyer,1064,,
,,,,Korbel,1065,,
,,,,Lone Birch,1066,,
,,,,Owl Ridge,1067,,
,,,,Eola Hills,1068,,
,,,,Hunnicutt,1069,,
,,,,Baron-Fuenté,1070,,
,,,,Cass,1071,,
,,,,Schloss Gobelsburg,1072,,
,,,,Vasse Felix,1073,,
,,,,D'Arenberg,1074,,
,,,,Giuseppe Rinaldi,1075,,
,,,,Nada Giuseppe,1076,,
,,,,Benovia,1077,,
,,,,Joseph Swan Vineyards,1078,,
,,,,Manfred Tement,1079,,
,,,,Convergence Zone,1080,,
,,,,St. Christopher,1081,,
,,,,Walnut City WineWorks,1082,,
,,,,Falkner,1083,,
,,,,De Bortoli,1084,,
,,,,Jamesport,1085,,
,,,,Riverbench,1086,,
,,,,Zina Hyde Cunningham,1087,,
,,,,Clayhouse,1088,,
,,,,Viña Chocalan,1089,,
,,,,François Lurton,1090,,
,,,,Waterstone,1091,,
,,,,Stickybeak,1092,,
,,,,Cerro Prieto,1093,,
,,,,Oveja Negra,1094,,
,,,,Château Pontet-Canet,1095,,
,,,,Château Lafite Rothschild,1096,,
,,,,Château Pape Clément,1097,,
,,,,Emmerich Knoll,1098,,
,,,,Chalk Hill,1099,,
,,,,Andrew Will,1100,,
,,,,Soos Creek,1101,,
,,,,Smith-Madrone,1102,,
,,,,Rancho Sisquoc,1103,,
,,,,Luis Felipe Edwards,1104,,
,,,,Robertson Winery,1105,,
,,,,Ruinart,1106,,
,,,,Albert Morot,1107,,
,,,,Ca' del Bosco,1108,,
,,,,Morgan,1109,,
,,,,Veuve Doussot,1110,,
,,,,El Enemigo,1111,,
,,,,Fog Crest,1112,,
,,,,Evening Land,1113,,
,,,,Septima,1114,,
,,,,Pondera,1115,,
,,,,HandCraft,1116,,
,,,,Joseph Cattin,1117,,
,,,,Estate Biblia Chora,1118,,
,,,,Fattoria dei Barbi,1119,,
,,,,Viña Requingua,1120,,
,,,,Pomar Junction,1121,,
,,,,Domaine de Leyre-Loup,1122,,
,,,,Fattoria La Lecciaia,1123,,
,,,,Kunde,1124,,
,,,,Don Miguel Gascón,1125,,
,,,,Durigutti,1126,,
,,,,Jones of Washington,1127,,
,,,,Nickel & Nickel,1128,,
,,,,Roadhouse Winery,1129,,
,,,,Rutherford Hill,1130,,
,,,,Bellwether,1131,,
,,,,Wairau River,1132,,
,,,,Henri Schoenheitz,1133,,
,,,,Sol Rouge,1134,,
,,,,La Braccesca,1135,,
,,,,Mercer Canyons,1136,,
,,,,Molino di Sant'Antimo,1137,,
,,,,Noble Vines,1138,,
,,,,Roar,1139,,
,,,,Jean-Luc Colombo,1140,,
,,,,Paul Jaboulet Aîné,1141,,
,,,,Domaine Ehrhart,1142,,
,,,,Wine & Soul,1143,,
,,,,Joseph Fritsch,1144,,
,,,,Bibbiano,1145,,
,,,,Domaine Schoffit,1146,,
,,,,Gary Farrell,1147,,
,,,,Round Pond,1148,,
,,,,Tudal,1149,,
,,,,Donelan,1150,,
,,,,Wine Spots,1151,,
,,,,Elyse,1152,,
,,,,Castle Rock,1153,,
,,,,Frog's Leap,1154,,
,,,,Villa San Juliette,1155,,
,,,,Plaisance Ranch,1156,,
,,,,Roche,1157,,
,,,,Sauvion,1158,,
,,,,Monteviejo,1159,,
,,,,Quinta do Cavalinho,1160,,
,,,,Sarah's Vineyard,1161,,
,,,,Finca El Origen,1162,,
,,,,Glen Ellen,1163,,
,,,,Starmont,1164,,
,,,,Caligiore,1165,,
,,,,Concannon,1166,,
,,,,Yellow Tail,1167,,
,,,,Jarvis,1168,,
,,,,Kingston Family,1169,,
,,,,Loimer,1170,,
,,,,Margerum,1171,,
,,,,Pietro Beconcini,1172,,
,,,,Boekenhoutskloof,1173,,
,,,,Covey Run,1174,,
,,,,Spy Valley,1175,,
,,,,Jurtschitsch,1176,,
,,,,Renato Ratti,1177,,
,,,,Michele Chiarlo,1178,,
,,,,Maddalena,1179,,
,,,,Breaux,1180,,
,,,,Dr. Konstantin Frank,1181,,
,,,,Llopart,1182,,
,,,,Buttonwood,1183,,
,,,,Domaine les Pins,1184,,
,,,,Tranche,1185,,
,,,,Trust,1186,,
,,,,Whitecliff Vineyard,1187,,
,,,,Zuccardi,1188,,
,,,,Chakana,1189,,
,,,,Kale,1190,,
,,,,Twomey,1191,,
,,,,Ty Caton,1192,,
,,,,W.T. Vintners,1193,,
,,,,Waters Crest,1194,,
,,,,William Church,1195,,
,,,,Miraflores,1196,,
,,,,Ridgeview Estate,1197,,
,,,,Robert Renzoni,1198,,
,,,,Roth,1199,,
,,,,Seghesio,1200,,
,,,,Stags' Leap Winery,1201,,
,,,,Henri Bourgeois,1202,,
,,,,B.R. Cohn,1203,,
,,,,Viu Manent,1204,,
,,,,Truett Hurst,1205,,
,,,,Beaucanon,1206,,
,,,,Campolargo,1207,,
,,,,Duorum,1208,,
,,,,Estampa,1209,,
,,,,Leonard Kreusch,1210,,
,,,,Donnafugata,1211,,
,,,,En Garde,1212,,
,,,,Fontanafredda,1213,,
,,,,Billecart-Salmon,1214,,
,,,,Boizel,1215,,
,,,,Casal da Coelheira,1216,,
,,,,Le Brun de Neuville,1217,,
,,,,Shea,1218,,
,,,,Chamisal Vineyards,1219,,
,,,,Domaine Divio,1220,,
,,,,Gramercy,1221,,
,,,,Michel-Schlumberger,1222,,
,,,,Nicholson Ranch,1223,,
,,,,Prospect 772,1224,,
,,,,Mumm Napa,1225,,
,,,,Sequoia Grove,1226,,
,,,,Inspire Moore,1227,,
,,,,Louis Max,1228,,
,,,,Tin Barn,1229,,
,,,,Sanford,1230,,
,,,,Nuiton-Beaunoy,1231,,
,,,,Quinta de Chocapalha,1232,,
,,,,Thomas George,1233,,
,,,,Broadway Vineyards,1234,,
,,,,Swiftwater Cellars,1235,,
,,,,Roche de Bellene,1236,,
,,,,Viña Casablanca,1237,,
,,,,Peltier,1238,,
,,,,Robert Karl,1239,,
,,,,Ryan Patrick,1240,,
,,,,Shannon Ridge,1241,,
,,,,The Federalist,1242,,
,,,,Domaine Terre de Mistral,1243,,
,,,,Simi,1244,,
,,,,Belle Ambiance,1245,,
,,,,Lucas Vineyards,1246,,
,,,,Les Maîtres Vignerons de la Presqu'île de Saint-Tropez,1247,,
,,,,Cosa Obra,1248,,
,,,,Freixenet,1249,,
,,,,Valley of the Moon,1250,,
,,,,Pieropan,1251,,
,,,,Gundlach Bundschu,1252,,
,,,,Newsome-Harlow,1253,,
,,,,Porta,1254,,
,,,,Yering Station,1255,,
,,,,Sokol Blosser,1256,,
,,,,Soléna,1257,,
,,,,Sonoma-Cutrer,1258,,
,,,,Talisman,1259,,
,,,,Bindella,1260,,
,,,,Cannonball,1261,,
,,,,Bodega Chacra,1262,,
,,,,Bret Brothers,1263,,
,,,,Collovray et Terrier,1264,,
,,,,Girard,1265,,
,,,,Mark Ryan,1266,,
,,,,Bernardus,1267,,
,,,,Gordon Brothers,1268,,
,,,,Domaine Jessiaume,1269,,
,,,,Domaine Pascal et Mireille Renaud,1270,,
,,,,Francis Ford Coppola,1271,,
,,,,Pacific Rim,1272,,
,,,,Rijckaert,1273,,
,,,,Woodward Canyon,1274,,
,,,,Kitá,1275,,
,,,,Adriano Marco & Vittorio,1276,,
,,,,Black Ridge,1277,,
,,,,Cantina del Pino,1278,,
,,,,Florent Descombe,1279,,
,,,,RoxyAnn,1280,,
,,,,Les Vins de Vienne,1281,,
,,,,Château Routas,1282,,
,,,,Clos du Lac,1283,,
,,,,Vicente Gandia,1284,,
,,,,Vigilance,1285,,
,,,,Ciacci Piccolomini d'Aragona,1286,,
,,,,Corliss Estates,1287,,
,,,,Etude,1288,,
,,,,Bink,1289,,
,,,,Solminer,1290,,
,,,,Trinity Hill,1291,,
,,,,WesMar,1292,,
,,,,JM Cellars,1293,,
,,,,Maison Stéphane Brocard,1294,,
,,,,Wayfarer,1295,,
,,,,Calera,1296,,
,,,,Donum,1297,,
,,,,Massolino,1298,,
,,,,Three Sticks,1299,,
,,,,Wood Family Vineyards,1300,,
,,,,Materra Cunat Family Vineyards,1301,,
,,,,Hess Select,1302,,
,,,,Pedroncelli,1303,,
,,,,Château Larroque,1304,,
,,,,Dominio de Eguren,1305,,
,,,,William Cole,1306,,
,,,,Paul Cheneau,1307,,
,,,,Weisinger,1308,,
,,,,Casa Ferreirinha,1309,,
,,,,Prats & Symington LDA,1310,,
,,,,Sanguis,1311,,
,,,,Scott Family,1312,,
,,,,Dierberg,1313,,
,,,,Genium Celler,1314,,
,,,,Keuka Lake Vineyards,1315,,
,,,,Francesco Rinaldi,1316,,
,,,,Orfila,1317,,
,,,,Mirafiore,1318,,
,,,,Domaine Laporte,1319,,
,,,,Bethel Heights,1320,,
,,,,Château Rahoul,1321,,
,,,,Château Kirwan,1322,,
,,,,Château Latour-Martillac,1323,,
,,,,Stark-Condé,1324,,
,,,,Château Olivier,1325,,
,,,,Château Smith Haut Lafitte,1326,,
,,,,Klinker Brick,1327,,
,,,,Tildio,1328,,
,,,,Schloss Johannisberger,1329,,
,,,,Joh. Jos. Prüm,1330,,
,,,,Johannishof,1331,,
,,,,King Estate,1332,,
,,,,Lucienne,1333,,
,,,,Michael David,1334,,
,,,,Navarro,1335,,
,,,,Occasio,1336,,
,,,,Bodegas Palacio,1337,,
,,,,Coeur de Terre,1338,,
,,,,Terras de Alter,1339,,
,,,,Tabor,1340,,
,,,,Signorello,1341,,
,,,,Columbia Winery,1342,,
,,,,Il Poggione,1343,,
,,,,DaMa,1344,,
,,,,Peter Franus,1345,,
,,,,Bogle,1346,,
,,,,Carmel Road,1347,,
,,,,Laurenz V.,1348,,
,,,,La Fenêtre,1349,,
,,,,Pietra Santa,1350,,
,,,,Brander,1351,,
,,,,Piccini,1352,,
,,,,Quinta do Crasto,1353,,
,,,,Quintay,1354,,
,,,,Castello di Verrazzano,1355,,
,,,,Sierra Cantabria,1356,,
,,,,Villa Wolf,1357,,
,,,,Hearst Ranch,1358,,
,,,,Kings Ridge,1359,,
,,,,William Hill Estate,1360,,
,,,,Volpaia,1361,,
,,,,Philo Ridge,1362,,
,,,,Jean-Marc Brocard,1363,,
,,,,MacLaren,1364,,
,,,,Monte da Ravasqueira,1365,,
,,,,Fitapreta Vinhos,1366,,
,,,,Boeger,1367,,
,,,,Saxon Brown,1368,,
,,,,Poeira,1369,,
,,,,Ott & Murphy,1370,,
,,,,Quinta de Sant'Ana,1371,,
,,,,Vecchia Cantina di Montepulciano,1372,,
,,,,Cobblestone,1373,,
,,,,ZD,1374,,
,,,,Patient Cottat,1375,,
,,,,Sean Thackrey,1376,,
,,,,Transcendence,1377,,
,,,,Alysian,1378,,
,,,,Bonair,1379,,
,,,,Tedeschi,1380,,
,,,,Mud House,1381,,
,,,,Willi Haag,1382,,
,,,,Betz Family,1383,,
,,,,K Vintners,1384,,
,,,,Goldschmidt,1385,,
,,,,FEL,1386,,
,,,,Produttori del Barbaresco,1387,,
,,,,Santa Barbara Winery,1388,,
,,,,Boeckel,1389,,
,,,,Wildhurst,1390,,
,,,,Mount Eden Vineyards,1391,,
,,,,José Maria da Fonseca,1392,,
,,,,Borges,1393,,
,,,,Viña Albali,1394,,
,,,,Parusso,1395,,
,,,,Casas del Bosque,1396,,
,,,,Bernhard Ott,1397,,
,,,,Trenel Fils,1398,,
,,,,Hiedler,1399,,
,,,,Burrowing Owl,1400,,
,,,,Anton Bauer,1401,,
,,,,Baker & Brain,1402,,
,,,,Ballentine,1403,,
,,,,Brophy Clark,1404,,
,,,,J. Scott Cellars,1405,,
,,,,Cathedral Ridge,1406,,
,,,,Kumeu River,1407,,
,,,,Terenzi,1408,,
,,,,François Millet,1409,,
,,,,Poggio Scalette,1410,,
,,,,Querciavalle,1411,,
,,,,Raymond,1412,,
,,,,Alloro,1413,,
,,,,Hyland,1414,,
,,,,Lancaster,1415,,
,,,,Lemelson,1416,,
,,,,Lenné Estate,1417,,
,,,,Villa Maria,1418,,
,,,,Eric Kent,1419,,
,,,,Au Pied du Mont Chauve,1420,,
,,,,Bailiwick,1421,,
,,,,Caparzo,1422,,
,,,,Maison Nicolas Perrin,1423,,
,,,,Domaine Matthias et Emile Roblin,1424,,
,,,,Domaine Vrignaud,1425,,
,,,,Raventós I Blanc,1426,,
,,,,Salcheto,1427,,
,,,,Domaine Pfister,1428,,
,,,,Domaine Sorin,1429,,
,,,,Fox Run,1430,,
,,,,Frédéric Mallo,1431,,
,,,,Vie Winery,1432,,
,,,,Vin du Lac,1433,,
,,,,McCay Cellars,1434,,
,,,,Altocedro,1435,,
,,,,Ochoa,1436,,
,,,,Liquid Farm,1437,,
,,,,Lucia,1438,,
,,,,Ravoire et Fils,1439,,
,,,,Tertulia,1440,,
,,,,Argiolas,1441,,
,,,,Château Gassier,1442,,
,,,,Foxen 7200,1443,,
,,,,Kurt Angerer,1444,,
,,,,Refugio Ranch,1445,,
,,,,Seifried,1446,,
,,,,Hazlitt 1852 Vineyards,1447,,
,,,,Giesen,1448,,
,,,,Castillo De Feliciana,1449,,
,,,,Lemos & Van Zeller,1450,,
,,,,San Simeon,1451,,
,,,,Casa do Valle,1452,,
,,,,TintoNegro,1453,,
,,,,Troon,1454,,
,,,,Viña Alicia,1455,,
,,,,Zaca Mesa,1456,,
,,,,Labouré-Roi,1457,,
,,,,Besserat de Bellefon,1458,,
,,,,Longoria,1459,,
,,,,Peters Family,1460,,
,,,,Pure Cru,1461,,
,,,,Vistamar,1462,,
,,,,Wy'East Vineyards,1463,,
,,,,Zero One Vintners,1464,,
,,,,Captûre,1465,,
,,,,Château Léoube,1466,,
,,,,Tenute Silvio Nardi,1467,,
,,,,Neumeister,1468,,
,,,,Arndorfer,1469,,
,,,,Eichinger,1470,,
,,,,Ingrid Groiss,1471,,
,,,,Alto Los Romeros,1472,,
,,,,Feudi di San Gregorio,1473,,
,,,,Illahe,1474,,
,,,,Jean-Luc Baldès,1475,,
,,,,Agricola Querciabella,1476,,
,,,,Morgenhof,1477,,
,,,,Miner,1478,,
,,,,Carl Ehrhard,1479,,
,,,,Odfjell,1480,,
,,,,Pellegrini Vineyards,1481,,
,,,,Prinz Salm,1482,,
,,,,Rooster Hill,1483,,
,,,,Root:1,1484,,
,,,,Salvatore Principe,1485,,
,,,,Sheldrake Point,1486,,
,,,,Educated Guess,1487,,
,,,,Apolloni,1488,,
,,,,CVNE,1489,,
,,,,Foppiano,1490,,
,,,,Roux Père et Fils,1491,,
,,,,Township 7,1492,,
,,,,Foley,1493,,
,,,,Poggio al Tesoro,1494,,
,,,,Ryan Cochrane,1495,,
,,,,Stift Klosterneuburg,1496,,
,,,,Jax,1497,,
,,,,Mailly Grand Cru,1498,,
,,,,Reininger,1499,,
,,,,Tegernseerhof,1500,,
,,,,Jäger,1501,,
,,,,Le Macchiole,1502,,
,,,,Château Montrose,1503,,
,,,,Abbazia di Novacella,1504,,
,,,,Vietti,1505,,
,,,,Herzog,1506,,
,,,,Château de Brigue,1507,,
,,,,Domaines Ott,1508,,
,,,,Fallbrook,1509,,
,,,,Oak Farm,1510,,
,,,,Lincourt,1511,,
,,,,Davies,1512,,
,,,,Fiddlehead,1513,,
,,,,Bodega Cuarto Dominio,1514,,
,,,,Bodegas Valdemar,1515,,
,,,,Patriarche Père et Fils,1516,,
,,,,Quevedo,1517,,
,,,,Bodega Catena Zapata,1518,,
,,,,Finca Flichman,1519,,
,,,,Caves Aliança,1520,,
,,,,Andrew Rich,1521,,
,,,,Château du Cèdre,1522,,
,,,,Wakefield,1523,,
,,,,Winter's Hill,1524,,
,,,,Highway 12,1525,,
,,,,Judd's Hill,1526,,
,,,,Keating,1527,,
,,,,Airlie,1528,,
,,,,Cruz Alta,1529,,
,,,,Ross Andrew,1530,,
,,,,Breathless,1531,,
,,,,Burnt Bridge,1532,,
,,,,Tamaya,1533,,
,,,,Oberon,1534,,
,,,,Bigi,1535,,
,,,,Hubert Meyer,1536,,
,,,,MacMurray Estate Vineyards,1537,,
,,,,Mira,1538,,
,,,,Newton,1539,,
,,,,Ouled Thaleb,1540,,
,,,,Quivira,1541,,
,,,,Torii Mor,1542,,
,,,,Calvet,1543,,
,,,,Cristom,1544,,
,,,,Elk Cove,1545,,
,,,,Moët & Chandon,1546,,
,,,,Abeja,1547,,
,,,,Bedell,1548,,
,,,,Cantalici L'Antica Fornace di Ridolfo,1549,,
,,,,Cedarville Vineyard,1550,,
,,,,Tablas Creek,1551,,
,,,,Foundry Vineyards,1552,,
,,,,Golan Heights Winery,1553,,
,,,,Ruby Hill Winery,1554,,
,,,,Watermill,1555,,
,,,,Cantina Santadi,1556,,
,,,,Domaine Laroche,1557,,
,,,,Wedell Cellars,1558,,
,,,,Psagot,1559,,
,,,,Arista,1560,,
,,,,Aubry,1561,,
,,,,Brave & Maiden,1562,,
,,,,Cartuxa,1563,,
,,,,Domaine Chenevières,1564,,
,,,,Oso Libre,1565,,
,,,,Panther Creek,1566,,
,,,,Pascal Doquet,1567,,
,,,,Hobo,1568,,
,,,,Brassfield,1569,,
,,,,Cinnabar,1570,,
,,,,Boedecker Cellars,1571,,
,,,,Viña Mayor,1572,,
,,,,Lorenzi Estate,1573,,
,,,,Domaine Sangouard-Guyot,1574,,
,,,,Herdade de São Miguel,1575,,
,,,,Canyon Wind,1576,,
,,,,Dão Sul,1577,,
,,,,Clos du Val,1578,,
,,,,VML,1579,,
,,,,Perescuma,1580,,
,,,,Quinta da Alorna,1581,,
,,,,Ravenswood,1582,,
,,,,Von Strasser,1583,,
,,,,Markus Molitor,1584,,
,,,,Cave du Roi Dagobert,1585,,
,,,,DanCin,1586,,
,,,,De Toren,1587,,
,,,,Domaine Fernand Engel,1588,,
,,,,Framingham,1589,,
,,,,Lombard et Cie,1590,,
,,,,Rasa,1591,,
,,,,Luigi Oddero & Figli,1592,,
,,,,Albert Bichot,1593,,
,,,,Albino Rocca,1594,,
,,,,Baxter,1595,,
,,,,Beauregard,1596,,
,,,,Bodega Renacer,1597,,
,,,,Kitchen Sink,1598,,
,,,,Companhia das Quintas,1599,,
,,,,Dona Maria-Júlio Bastos,1600,,
,,,,Ironstone,1601,,
,,,,Zorzal,1602,,
,,,,Angeline,1603,,
,,,,Sausal,1604,,
,,,,Fleur Du Cap,1605,,
,,,,Silver Lake,1606,,
,,,,Domaine de Chevalier,1607,,
,,,,Les Astéries,1608,,
,,,,Pascal Bouchard,1609,,
,,,,Sleight of Hand,1610,,
,,,,Del Dotto,1611,,
,,,,Domaine Vincent Girardin,1612,,
,,,,Alpha Omega,1613,,
,,,,Château Bianca,1614,,
,,,,Del Rio,1615,,
,,,,Bodegas Navarro López,1616,,
,,,,Vivác Winery,1617,,
,,,,Thirsty Owl Wine Company,1618,,
,,,,Viña La Fortuna,1619,,
,,,,Olivier Leflaive,1620,,
,,,,Fielding Hills,1621,,
,,,,Lost Canyon,1622,,
,,,,Castello Vicchiomaggio,1623,,
,,,,Sbragia,1624,,
,,,,Janzen,1625,,
,,,,Podere Guado al Melo,1626,,
,,,,Stonestreet,1627,,
,,,,Sutcliffe,1628,,
,,,,Husch,1629,,
,,,,Castello Banfi,1630,,
,,,,Tenuta Rapitalà,1631,,
,,,,David Arthur,1632,,
,,,,Domaine de la Mordorée,1633,,
,,,,Gaja,1634,,
,,,,Viberti,1635,,
,,,,Diamond Creek,1636,,
,,,,Red Car,1637,,
,,,,René Muré,1638,,
,,,,Sottimano,1639,,
,,,,Palmina,1640,,
,,,,Duemani,1641,,
,,,,Coquelicot,1642,,
,,,,Robert Craig,1643,,
,,,,Kessler-Haak,1644,,
,,,,Schwarzböck,1645,,
,,,,Phelps Creek,1646,,
,,,,Producteurs Plaimont,1647,,
,,,,Marqués de la Concordia,1648,,
,,,,Hawley,1649,,
,,,,3 Horse Ranch Vineyards,1650,,
,,,,Château Carignan,1651,,
,,,,Château Suau,1652,,
,,,,Peter Cellars,1653,,
,,,,Sawtooth,1654,,
,,,,Pannier,1655,,
,,,,Domaine Chandon,1656,,
,,,,Anthony Road,1657,,
,,,,Bressia,1658,,
,,,,Canard-Duchêne,1659,,
,,,,Cave de Turckheim,1660,,
,,,,Cave Spring,1661,,
,,,,Henriet-Bazin,1662,,
,,,,Griffin Creek,1663,,
,,,,Flowers,1664,,
,,,,Au Bon Climat,1665,,
,,,,Brewer-Clifton,1666,,
,,,,Henschke,1667,,
,,,,Fitz-Ritter,1668,,
,,,,Veramar,1669,,
,,,,Vini,1670,,
,,,,Adega Vila Real,1671,,
,,,,Agustinos,1672,,
,,,,Ca' del Baio,1673,,
,,,,Charles Sparr,1674,,
,,,,Elvio Cogno,1675,,
,,,,Hugel,1676,,
,,,,Craggy Range,1677,,
,,,,Château Coutet,1678,,
,,,,Halleck,1679,,
,,,,Château Laulerie,1680,,
,,,,Wente,1681,,
,,,,Achaval-Ferrer,1682,,
,,,,Giant Steps,1683,,
,,,,Simonsig,1684,,
,,,,Beckmen,1685,,
,,,,Joullian,1686,,
,,,,Chilcas,1687,,
,,,,Indigené,1688,,
,,,,Château Musar,1689,,
,,,,Geyser Peak,1690,,
,,,,Ca'Romè,1691,,
,,,,Galil Mountain,1692,,
,,,,One Woman,1693,,
,,,,Vilafonté,1694,,
,,,,Domaine Albert Mann,1695,,
,,,,Greywacke,1696,,
,,,,Duck Pond,1697,,
,,,,Fairsing,1698,,
,,,,Graziano,1699,,
,,,,Pertinace,1700,,
,,,,Roza Ridge,1701,,
,,,,Thelema,1702,,
,,,,Buitenverwachting,1703,,
,,,,Domaine Jean-Paul et Benoît Droin,1704,,
,,,,Epiphany,1705,,
,,,,Sauska,1706,,
,,,,College Cellars,1707,,
,,,,Poseidon,1708,,
,,,,Terra d'Oro,1709,,
,,,,Cave de Ribeauvillé,1710,,
,,,,Domaine Charles Frey,1711,,
,,,,Standing Stone,1712,,
,,,,Tenuta Sette Ponti,1713,,
,,,,Barkan,1714,,
,,,,Vina Robles,1715,,
,,,,Langtry,1716,,
,,,,Leth,1717,,
,,,,Patterson,1718,,
,,,,La Rochelle,1719,,
,,,,Clarendon Hills,1720,,
,,,,Abacela,1721,,
,,,,Trentadue,1722,,
,,,,Perry Creek,1723,,
,,,,Imagery,1724,,
,,,,La Spinetta,1725,,
,,,,Pietro Rinaldi,1726,,
,,,,Bridgeview,1727,,
,,,,Snake River,1728,,
,,,,Lucien Lardy,1729,,
,,,,Barone Pizzini,1730,,
,,,,Jean Laurent,1731,,
,,,,Louis Roederer,1732,,
,,,,Quinta das Carvalhas,1733,,
,,,,A.R. Lenoble ,1734,,
,,,,Mercy,1735,,
,,,,Tenuta di Trecciano,1736,,
,,,,Textbook,1737,,
,,,,Banfi,1738,,
,,,,Château La Rame,1739,,
,,,,Domaine Costa Lazaridi,1740,,
,,,,MacMurray Ranch,1741,,
,,,,Domaine Michel Fonne,1742,,
,,,,Shooting Star,1743,,
,,,,Yamhill Valley,1744,,
,,,,J. Garcia Carrion,1745,,
,,,,Adams Bench,1746,,
,,,,Jean-Claude Debeaune,1747,,
,,,,Mano A Mano,1748,,
,,,,Ousterhout,1749,,
,,,,Amador Foothill Winery,1750,,
,,,,Charles Smith,1751,,
,,,,Sextant,1752,,
,,,,Telaya,1753,,
,,,,Luna,1754,,
,,,,Michael Mondavi Family Estate,1755,,
,,,,Ramey,1756,,
,,,,Saracina,1757,,
,,,,Sequel,1758,,
,,,,Jada Vineyard & Winery,1759,,
,,,,Gordon Estate,1760,,
,,,,Prinsi,1761,,
,,,,Alzinger,1762,,
,,,,Barden,1763,,
,,,,Guarachi Family,1764,,
,,,,Yorkville Cellars,1765,,
,,,,Chimney Rock,1766,,
,,,,Joseph Perrier,1767,,
,,,,Domaine Drouhin Oregon,1768,,
,,,,Maso Martis,1769,,
,,,,Taittinger,1770,,
,,,,Pol Roger,1771,,
,,,,Cru,1772,,
,,,,Vite Colte,1773,,
,,,,Animale,1774,,
,,,,Beni di Batasiolo,1775,,
,,,,Bulgariana,1776,,
,,,,Castello di Verduno,1777,,
,,,,Cave des Grands Crus Blancs,1778,,
,,,,Chateau Burgozone,1779,,
,,,,Château de Tracy,1780,,
,,,,Adelaida,1781,,
,,,,Tandem,1782,,
,,,,The Farm Winery,1783,,
,,,,Two Paddocks,1784,,
,,,,Château Coussin,1785,,
,,,,Lunadoro,1786,,
,,,,Talbott,1787,,
,,,,Château Siaurac,1788,,
,,,,Balverne,1789,,
,,,,Boëté,1790,,
,,,,Lucas & Lewellen,1791,,
,,,,Oak Grove,1792,,
,,,,Auclair,1793,,
,,,,Segura Viudas,1794,,
,,,,Dante Robere,1795,,
,,,,Domaine des Marrans,1796,,
,,,,Quinta de la Rosa,1797,,
,,,,Ram's Gate,1798,,
,,,,Clos Henri,1799,,
,,,,Domaine Chevillon-Chezeaux,1800,,
,,,,Storm,1801,,
,,,,Le Salette,1802,,
,,,,Laurel Glen,1803,,
,,,,Comartin,1804,,
,,,,Domaine de Bellene,1805,,
,,,,Escarpment,1806,,
,,,,Innocent Bystander,1807,,
,,,,J. Dumangin Fils,1808,,
,,,,Nicolas Feuillatte,1809,,
,,,,Nieto Senetiner,1810,,
,,,,Papapietro Perry,1811,,
,,,,Ricardo Santos,1812,,
,,,,Sineann,1813,,
,,,,Tinhorn Creek,1814,,
,,,,Siegel,1815,,
,,,,Three Rivers,1816,,
,,,,Sunstone,1817,,
,,,,Rotari,1818,,
,,,,Château Thieuley,1819,,
,,,,Swanson,1820,,
,,,,Renieri,1821,,
,,,,Thiénot,1822,,
,,,,Knights Bridge,1823,,
,,,,Höpler,1824,,
,,,,Kiona,1825,,
,,,,Wolfberger,1826,,
,,,,Mannina Cellars,1827,,
,,,,Buehler,1828,,
,,,,Bellangelo,1829,,
,,,,Château de Calavon,1830,,
,,,,Domaine de la Croix Senaillet,1831,,
,,,,Paul Dolan,1832,,
,,,,Wrights Station,1833,,
,,,,Blackbird Vineyards,1834,,
,,,,Ottimino Vineyards,1835,,
,,,,R&A; Pfaffl,1836,,
,,,,Tenuta di Biserno,1837,,
,,,,Markowitsch,1838,,
,,,,Alta Maria,1839,,
,,,,Apex,1840,,
,,,,Boomtown,1841,,
,,,,Bott Frères,1842,,
,,,,William Grassie,1843,,
,,,,Domaine Allimant-Laugner,1844,,
,,,,Edmeades,1845,,
,,,,Fort Ross,1846,,
,,,,Gustave Lorentz,1847,,
,,,,Durant,1848,,
,,,,Elizabeth Chambers,1849,,
,,,,Waxwing,1850,,
,,,,Peter Jakob Kühn,1851,,
,,,,Sodaro,1852,,
,,,,Korbin Kameron,1853,,
,,,,Migration,1854,,
,,,,Schramsberg,1855,,
,,,,Titus,1856,,
,,,,Brooks,1857,,
,,,,Comtesse Thérèse,1858,,
,,,,Liberty Lake,1859,,
,,,,Castellani,1860,,
,,,,Stift Göttweig,1861,,
,,,,Stolo,1862,,
,,,,Ebner-Ebenauer,1863,,
,,,,Fontodi,1864,,
,,,,Cakebread,1865,,
,,,,CARM,1866,,
,,,,Tenuta di Lilliano,1867,,
,,,,Terrabianca,1868,,
,,,,Calina,1869,,
,,,,Global Wines,1870,,
,,,,Fabiano,1871,,
,,,,Tenor,1872,,
,,,,Graveyard,1873,,
,,,,Hedges,1874,,
,,,,Kerloo,1875,,
,,,,Château Brown,1876,,
,,,,Rustenberg,1877,,
,,,,Castelli del Grevepesa,1878,,
,,,,Eberle,1879,,
,,,,Château de Nages,1880,,
,,,,Roblar,1881,,
,,,,Maison Champy,1882,,
,,,,Andretti,1883,,
,,,,Marques de Griñon,1884,,
,,,,Boheme,1885,,
,,,,Château Rauzan-Ségla,1886,,
,,,,Château Pichon Longueville,1887,,
,,,,Quinta Vale Dona Maria,1888,,
,,,,Camille Giroud,1889,,
,,,,Bric Cenciurio,1890,,
,,,,Baileyana,1891,,
,,,,Quinta do Passadouro,1892,,
,,,,Felsina,1893,,
,,,,Fritz,1894,,
,,,,Chateau St. Jean,1895,,
,,,,San Fabiano Calcinaia,1896,,
,,,,Santa Helena,1897,,
,,,,Cusumano,1898,,
,,,,Redhawk,1899,,
,,,,Maison Bleue,1900,,
,,,,Fattoria Le Pupille,1901,,
,,,,Sinor-LaVallee,1902,,
,,,,Artadi,1903,,
,,,,Baer,1904,,
,,,,Spindrift Cellars,1905,,
,,,,Hermann Moser,1906,,
,,,,Villa Huesgen,1907,,
,,,,Gradis'ciutta,1908,,
,,,,Scott Paul,1909,,
,,,,St. Urbans-Hof,1910,,
,,,,Polkura,1911,,
,,,,Cascina Luisin,1912,,
,,,,Harbes Family Vineyard,1913,,
,,,,Ritual,1914,,
,,,,Bargetto,1915,,
,,,,Roger et Didier Raimbault,1916,,
,,,,Joseph Mellot,1917,,
,,,,Portalupi,1918,,
,,,,Château la Verrière,1919,,
,,,,Jordan,1920,,
,,,,Maquis,1921,,
,,,,Barefoot,1922,,
,,,,Casas del Toqui,1923,,
,,,,McManis,1924,,
,,,,Brick House,1925,,
,,,,Dashe Cellars,1926,,
,,,,Acorn,1927,,
,,,,Poliziano,1928,,
,,,,Chono,1929,,
,,,,Calcu,1930,,
,,,,Montecillo,1931,,
,,,,Dr. H. Thanisch (Erben Müller-Burggraef),1932,,
,,,,Clos du Bois,1933,,
,,,,Davis Bynum,1934,,
,,,,Domaine Charles Baur,1935,,
,,,,Villa Calcinaia,1936,,
,,,,Domaine D'en Ségur,1937,,
,,,,Canneto,1938,,
,,,,Deer Creek,1939,,
,,,,Dusted Valley,1940,,
,,,,Nigl,1941,,
,,,,PoderNuovo a Palazzone,1942,,
,,,,Poggio Mandorlo,1943,,
,,,,KWV,1944,,
,,,,Castillo de Monjardin,1945,,
,,,,Josef Jamek,1946,,
,,,,Domaine Saint-André de Figuière,1947,,
,,,,Taft Street,1948,,
,,,,Domaine Jean Bousquet,1949,,
,,,,Doukénie,1950,,
,,,,San Antonio,1951,,
,,,,Geyerhof,1952,,
,,,,Saviah,1953,,
,,,,Esterházy,1954,,
,,,,Fidelitas,1955,,
,,,,Hatzimichalis,1956,,
,,,,Hestan,1957,,
,,,,Skinner,1958,,
,,,,Liparita,1959,,
,,,,Three,1960,,
,,,,Wallis Family Estate,1961,,
,,,,Domaine Marcel Deiss,1962,,
,,,,Château de Lavernette,1963,,
,,,,Conceito Vinhos,1964,,
,,,,Domaine Rotier,1965,,
,,,,Keller,1966,,
,,,,Stolpman,1967,,
,,,,Dr. Hermann,1968,,
,,,,Bonneau,1969,,
,,,,M. Chapoutier,1970,,
,,,,Stemilt Creek,1971,,
,,,,Antiquum Farm,1972,,
,,,,Della,1973,,
,,,,Shiloh Winery,1974,,
,,,,Adega Cooperativa do Cartaxo,1975,,
,,,,Piazzo Armando,1976,,
,,,,Purcari,1977,,
,,,,Amici,1978,,
,,,,I Sodi,1979,,
,,,,Carmel,1980,,
,,,,Roquevale,1981,,
,,,,Tiefenbrunner,1982,,
,,,,Bollig-Lehnert,1983,,
,,,,LangeTwins,1984,,
,,,,Sogrape,1985,,
,,,,Boekenoogen,1986,,
,,,,Badia a Coltibuono,1987,,
,,,,Sherwood House Vineyards,1988,,
,,,,Lander-Jenkins,1989,,
,,,,Left Bend,1990,,
,,,,Mont Marçal,1991,,
,,,,De Wetshof,1992,,
,,,,DeLorimier,1993,,
,,,,Galerie,1994,,
,,,,Lake Chalice,1995,,
,,,,Kana,1996,,
,,,,Roessler,1997,,
,,,,Vincent Couche,1998,,
,,,,Hourglass,1999,,
,,,,Jean-Claude Boisset,2000,,
,,,,Kontokosta,2001,,
,,,,Val di Suga,2002,,
,,,,Colomé,2003,,
,,,,Summerland,2004,,
,,,,Venge,2005,,
,,,,Beresan,2006,,
,,,,Jules Taylor,2007,,
,,,,Ciabot Berton,2008,,
,,,,Buttonwood Farm,2009,,
,,,,Parxet,2010,,
,,,,Lumos,2011,,
,,,,Envy,2012,,
,,,,Galante,2013,,
,,,,Inman Family,2014,,
,,,,Longplay,2015,,
,,,,Veritas,2016,,
,,,,Marqués de Gelida,2017,,
,,,,Viento,2018,,
,,,,Bouchard Finlayson,2019,,
,,,,Churchill Cellars,2020,,
,,,,Morisfarms,2021,,
,,,,Château l'Espérance,2022,,
,,,,Almquist,2023,,
,,,,Kellerei Kaltern Caldaro,2024,,
,,,,Rombauer,2025,,
,,,,Vidon Vineyard,2026,,
,,,,Tapiz,2027,,
,,,,Castello di Meleto,2028,,
,,,,Cecchi,2029,,
,,,,Mommessin,2030,,
,,,,Tangent,2031,,
,,,,Weingut Georg Albrecht Schneider,2032,,
,,,,Kilikanoon,2033,,
,,,,Junta,2034,,
,,,,Salvestrin,2035,,
,,,,Máté,2036,,
,,,,Chacewater,2037,,
,,,,Château de Berne,2038,,
,,,,Château Minuty,2039,,
,,,,Château Roubine,2040,,
,,,,Fabre Montmayou,2041,,
,,,,Wieninger,2042,,
,,,,Den Hoed,2043,,
,,,,Feudo Arancio,2044,,
,,,,Flam,2045,,
,,,,Belhurst,2046,,
,,,,Domaine Chasselay,2047,,
,,,,Lujon,2048,,
,,,,Mahoney,2049,,
,,,,Baron Philippe de Rothschild,2050,,
,,,,Château Briot,2051,,
,,,,Deep Sea,2052,,
,,,,Bougrier,2053,,
,,,,Hillinger,2054,,
,,,,Mario Gagliasso,2055,,
,,,,Vinha Paz,2056,,
,,,,Grattamacco,2057,,
,,,,Fattoria di Grignano,2058,,
,,,,Dr. Pauly Bergweiler,2059,,
,,,,Veuve Clicquot Ponsardin,2060,,
,,,,Pelissero,2061,,
,,,,Stephen & Walker,2062,,
,,,,Gianni Gagliardo,2063,,
,,,,Château Haut-Monplaisir,2064,,
,,,,Cheval Quancard,2065,,
,,,,Bodkin,2066,,
,,,,Carr,2067,,
,,,,Windsor Oaks,2068,,
,,,,La Calonica,2069,,
,,,,Il Molino di Grace,2070,,
,,,,Iris Vineyards,2071,,
,,,,J. Rickards,2072,,
,,,,La Castellina,2073,,
,,,,Silver Mountain,2074,,
,,,,Cloudlift Cellars,2075,,
,,,,Donatella Cinelli Colombini,2076,,
,,,,K Cellars,2077,,
,,,,La Mannella,2078,,
,,,,Chateau Morrisette,2079,,
,,,,Horse & Plow,2080,,
,,,,Apsara,2081,,
,,,,Bertrand-Delespierre,2082,,
,,,,Castello Bonomi,2083,,
,,,,Chassenay d'Arce,2084,,
,,,,Château la Freynelle,2085,,
,,,,Weszeli,2086,,
,,,,Franz Hirtzberger,2087,,
,,,,Seven Daughters,2088,,
,,,,Château de Rayne Vigneau,2089,,
,,,,Dobbes Family Estate,2090,,
,,,,Gorman,2091,,
,,,,Lawer,2092,,
,,,,Phillips Hill,2093,,
,,,,Foursight,2094,,
,,,,Goat Bubbles,2095,,
,,,,Domaine A. Machard de Gramont,2096,,
,,,,Domaine Champy,2097,,
,,,,Fattoria Mantellassi,2098,,
,,,,Dog Point,2099,,
,,,,Viña Tabalí,2100,,
,,,,Bennett Lane,2101,,
,,,,Bjornstad,2102,,
,,,,Cullen,2103,,
,,,,Municipal Winemakers,2104,,
,,,,CK Mondavi,2105,,
,,,,Furthermore,2106,,
,,,,Six Sigma Ranch,2107,,
,,,,Sélection Laurence Féraud,2108,,
,,,,Michel Picard,2109,,
,,,,Baron Knyphausen,2110,,
,,,,Mocali,2111,,
,,,,Chandler Reach,2112,,
,,,,Ded.Reckoning,2113,,
,,,,Expression 38,2114,,
,,,,Leeuwin Estate,2115,,
,,,,García Figuero,2116,,
,,,,Domaine Fouassier,2117,,
,,,,Domaine Vacheron,2118,,
,,,,Lornano,2119,,
,,,,Château de Fontenille,2120,,
,,,,Herdade da Comporta,2121,,
,,,,Casal do Conde,2122,,
,,,,Xavier Flouret,2123,,
,,,,Scharffenberger,2124,,
,,,,Charles Heidsieck,2125,,
,,,,Delamotte,2126,,
,,,,Gitton Père et Fils,2127,,
,,,,Hawkstone,2128,,
,,,,Andrew Murray,2129,,
,,,,Hoyt Family Vineyards,2130,,
,,,,Arrow Creek,2131,,
,,,,Upland Estates,2132,,
,,,,Quasar,2133,,
,,,,Domaine G. Metz,2134,,
,,,,Mission Hill,2135,,
,,,,Zepaltas,2136,,
,,,,Peterson,2137,,
,,,,DiStefano,2138,,
,,,,Woodenhead,2139,,
,,,,Estandon,2140,,
,,,,Darioush,2141,,
,,,,Château Langoa Barton,2142,,
,,,,Château Labégorce Margaux,2143,,
,,,,Penfolds,2144,,
,,,,Lake Sonoma,2145,,
,,,,Neil Ellis,2146,,
,,,,Honig,2147,,
,,,,Orlando Abrigo,2148,,
,,,,Dourthe,2149,,
,,,,Viña Vilano,2150,,
,,,,Familia Schroeder,2151,,
,,,,City Winery Chicago,2152,,
,,,,Rutherford Grove,2153,,
,,,,Vignoble de la Jarnoterie,2154,,
,,,,Hecht & Bannier,2155,,
,,,,Shaw,2156,,
,,,,Jeff Gordon,2157,,
,,,,Wind Rose,2158,,
,,,,Kenefick Ranch,2159,,
,,,,Emina,2160,,
,,,,Wilson,2161,,
,,,,Lafond,2162,,
,,,,Netzl,2163,,
,,,,Palliser Estate,2164,,
,,,,Broadside,2165,,
,,,,Page Mill Winery,2166,,
,,,,Pinhal da Torre,2167,,
,,,,Brandborg,2168,,
,,,,Castello di Radda,2169,,
,,,,Penley Estate,2170,,
,,,,EOS,2171,,
,,,,Corley,2172,,
,,,,Paul Cluver,2173,,
,,,,JR Wine,2174,,
,,,,Felton Road,2175,,
,,,,Château la Gaffelière,2176,,
,,,,Two Sisters,2177,,
,,,,Muscardini,2178,,
,,,,Pianetta,2179,,
,,,,Enate,2180,,
,,,,Ernie Els,2181,,
,,,,Nautilus,2182,,
,,,,Laurent-Perrier,2183,,
,,,,Prunotto,2184,,
,,,,Ambassador Vineyard,2185,,
,,,,Domaine Specht,2186,,
,,,,La Cave des Vignerons de Pfaffenheim,2187,,
,,,,Lockwood,2188,,
,,,,Mill Creek,2189,,
,,,,Stadt Krems,2190,,
,,,,Tulpen,2191,,
,,,,Channing Daughters,2192,,
,,,,Vellum,2193,,
,,,,Wohlmuth,2194,,
,,,,Joyce,2195,,
,,,,Straight Line,2196,,
,,,,St. Innocent,2197,,
,,,,Clos Troteligotte,2198,,
,,,,McCall,2199,,
,,,,Chateau Margene,2200,,
,,,,Nobilo,2201,,
,,,,Mt. Difficulty,2202,,
,,,,La Follette,2203,,
,,,,Force Majeure,2204,,
,,,,Château Siran,2205,,
,,,,North by Northwest,2206,,
,,,,The Crossings,2207,,
,,,,Wattle Creek,2208,,
,,,,Jaxon,2209,,
,,,,Cuvaison,2210,,
,,,,Goldeneye,2211,,
,,,,Domaine d'Eole,2212,,
,,,,Nodland,2213,,
,,,,Negretti,2214,,
,,,,Boundary Breaks,2215,,
,,,,Burgess,2216,,
,,,,Callia,2217,,
,,,,Blue Farm,2218,,
,,,,Fontes da Cunha,2219,,
,,,,Barbieri,2220,,
,,,,Moccagatta,2221,,
,,,,Quinta da Calçada,2222,,
,,,,Rivetti Massimo,2223,,
,,,,Pasqua,2224,,
,,,,Veramonte,2225,,
,,,,Château Beychevelle,2226,,
,,,,Flocchini,2227,,
,,,,Stemmler,2228,,
,,,,Marrenon,2229,,
,,,,Plumb Cellars,2230,,
,,,,Château Bouissel,2231,,
,,,,Stinson,2232,,
,,,,Tenuta Sette Cieli,2233,,
,,,,Domaine Vincent Stoeffler,2234,,
,,,,Aberrant Cellars,2235,,
,,,,Ancient Peaks,2236,,
,,,,South Coast,2237,,
,,,,Longevity,2238,,
,,,,Finca Patagonia,2239,,
,,,,Martha Clara,2240,,
,,,,Red Tail Ridge,2241,,
,,,,Argento,2242,,
,,,,Pelvillain Frères,2243,,
,,,,R2,2244,,
,,,,Casa Cadaval,2245,,
,,,,Casa Silva,2246,,
,,,,Viña La Rosa,2247,,
,,,,Stephen Vincent,2248,,
,,,,Goose Ridge,2249,,
,,,,Château Grand Jean,2250,,
,,,,Esser,2251,,
,,,,Koehler,2252,,
,,,,Adega Mayor,2253,,
,,,,Grizzly Peak,2254,,
,,,,Domaine Saint-Rémy,2255,,
,,,,Pennywise,2256,,
,,,,Dolin,2257,,
,,,,Peñalolen,2258,,
,,,,Fall Line,2259,,
,,,,Vieil Armand,2260,,
,,,,Schloss Saarstein,2261,,
,,,,Les Vignobles Gueissard,2262,,
,,,,Château Philippe-le-Hardi,2263,,
,,,,VGS Chateau Potelle,2264,,
,,,,Quanta Terra,2265,,
,,,,Château de Lancyre,2266,,
,,,,Niepoort,2267,,
,,,,Ferraud et Fils,2268,,
,,,,Sinclair Estate Vineyards,2269,,
,,,,Pizzolato,2270,,
,,,,Trinitas,2271,,
,,,,Pellegrini,2272,,
,,,,Pascal Jolivet,2273,,
,,,,Clos de la Tech,2274,,
,,,,Ramón Bilbao,2275,,
,,,,Boxwood,2276,,
,,,,Colinas do Douro,2277,,
,,,,Müller-Grossmann,2278,,
,,,,Lamadrid,2279,,
,,,,Calcareous,2280,,
,,,,HammerSky,2281,,
,,,,Mauro Sebaste,2282,,
,,,,Mascota,2283,,
,,,,Waters,2284,,
,,,,Reynvaan Family Vineyards,2285,,
,,,,August Kesseler,2286,,
,,,,Rôtie Cellars,2287,,
,,,,Larner,2288,,
,,,,Sordo,2289,,
,,,,Allegrini,2290,,
,,,,Elevation Cellars,2291,,
,,,,André Kientzler,2292,,
,,,,Duval-Leroy,2293,,
,,,,Hess,2294,,
,,,,Baldacci,2295,,
,,,,Cousiño-Macul,2296,,
,,,,Altesino,2297,,
,,,,Château Léoville Las Cases,2298,,
,,,,Château Cheval Blanc,2299,,
,,,,Château Malartic-Lagravière,2300,,
,,,,Biondi Santi,2301,,
,,,,Château Sainte Roseline,2302,,
,,,,Martinshof,2303,,
,,,,Franz Keller,2304,,
,,,,Revelry,2305,,
,,,,Keenan,2306,,
,,,,Lobo,2307,,
,,,,Bodegas Bilbainas,2308,,
,,,,Château Fourcas Dupré,2309,,
,,,,Château Pichon Longueville Comtesse de Lalande,2310,,
,,,,Château Lagrange,2311,,
,,,,Sea Smoke,2312,,
,,,,Michel Vattan,2313,,
,,,,Josmeyer,2314,,
,,,,Huia,2315,,
,,,,Alfredo Roca,2316,,
,,,,Kriselle,2317,,
,,,,Penner-Ash,2318,,
,,,,Domaine Alfred,2319,,
,,,,Domaine de Suremain,2320,,
,,,,Domaine Ferret,2321,,
,,,,Bruliam,2322,,
,,,,Château les Valentines,2323,,
,,,,Château Carbonnieux,2324,,
,,,,City Winery of New York,2325,,
,,,,Viña el Principal,2326,,
,,,,Germano Ettore,2327,,
,,,,Minassian-Young,2328,,
,,,,Girasole,2329,,
,,,,Ghost Hill,2330,,
,,,,Thörle,2331,,
,,,,Domaine Dupré,2332,,
,,,,River's Edge,2333,,
,,,,Tenute Cisa Asinari dei Marchesi di Gresy,2334,,
,,,,Tomero,2335,,
,,,,Barberani,2336,,
,,,,Spier,2337,,
,,,,Maison L'Envoyé,2338,,
,,,,Bischöfliche Weingüter Trier,2339,,
,,,,Helfrich,2340,,
,,,,Hartford,2341,,
,,,,Ledson,2342,,
,,,,Cornerstone,2343,,
,,,,Giacosa Fratelli,2344,,
,,,,Byington,2345,,
,,,,San Juan Vineyards,2346,,
,,,,Shenandoah Vineyards,2347,,
,,,,Domaine du Tariquet,2348,,
,,,,Oakville East,2349,,
,,,,David Hill,2350,,
,,,,Allimant-Laugner,2351,,
,,,,Château Lamothe de Haux,2352,,
,,,,Tempus Cellars,2353,,
,,,,Glen Carlou,2354,,
,,,,Angosto,2355,,
,,,,SeaGlass,2356,,
,,,,Joleté,2357,,
,,,,Falesco,2358,,
,,,,Dr. Nägler,2359,,
,,,,Valley View,2360,,
,,,,Manos Negras,2361,,
,,,,Magness,2362,,
,,,,Andriano,2363,,
,,,,Bolla,2364,,
,,,,Domaine des Croix,2365,,
,,,,Château Talbot,2366,,
,,,,Fulcrum,2367,,
,,,,The Calling,2368,,
,,,,Brovia,2369,,
,,,,Nikolaihof,2370,,
,,,,Col Solare,2371,,
,,,,Sonoma-Loeb,2372,,
,,,,Barone Ricasoli,2373,,
,,,,Rocca di Frassinello,2374,,
,,,,Castello di Bossi,2375,,
,,,,Col d'Orcia,2376,,
,,,,Batzella,2377,,
,,,,Heron,2378,,
,,,,Marco Felluga,2379,,
,,,,Waits-Mast,2380,,
,,,,Palo Alto,2381,,
,,,,Derby,2382,,
,,,,Domaines Bunan,2383,,
,,,,Josef Ehmoser,2384,,
,,,,Gen5,2385,,
,,,,Montinore,2386,,
,,,,Styring,2387,,
,,,,Monticello Vineyards,2388,,
,,,,Millésimé,2389,,
,,,,Tramin,2390,,
,,,,Kudos,2391,,
,,,,Bodegas Fariña,2392,,
,,,,Domaine du Castel,2393,,
,,,,Michele Satta,2394,,
,,,,Tussock Jumper,2395,,
,,,,Bodegas y Viñedos Tábula,2396,,
,,,,Desert Wind,2397,,
,,,,Mettler Family Vineyards,2398,,
,,,,Château Haut Selve,2399,,
,,,,Belasco de Baquedano,2400,,
,,,,Cicchitti,2401,,
,,,,Casa Agricola Alexandre Relvas,2402,,
,,,,Hyatt,2403,,
,,,,Pratesi,2404,,
,,,,Farnese,2405,,
,,,,Van Duzer,2406,,
,,,,Eight Bells,2407,,
,,,,H. & M. Hofer,2408,,
,,,,Marcel Couturier,2409,,
,,,,Meyer Family Vineyards,2410,,
,,,,Tenuta Carretta,2411,,
,,,,Jamie Slone Wines,2412,,
,,,,Feather,2413,,
,,,,Château Roquefort,2414,,
,,,,Giribaldi,2415,,
,,,,Château Nenin,2416,,
,,,,Masút,2417,,
,,,,Curtis,2418,,
,,,,Sannino,2419,,
,,,,Original House Wine,2420,,
,,,,Monterebro,2421,,
,,,,Château Penin,2422,,
,,,,Ehret,2423,,
,,,,August West,2424,,
,,,,Love & Squalor,2425,,
,,,,Ruca Malen,2426,,
,,,,Château d'Armailhac,2427,,
,,,,Ayala,2428,,
,,,,Ken Brown,2429,,
,,,,Château Potelle,2430,,
,,,,Château Cabezac,2431,,
,,,,Barboursville Vineyards,2432,,
,,,,Six Prong,2433,,
,,,,Cascina Morassino,2434,,
,,,,Reverie,2435,,
,,,,MontGras,2436,,
,,,,Quinta da Romaneira,2437,,
,,,,Viticcio,2438,,
,,,,Château des Demoiselles,2439,,
,,,,Mayacamas,2440,,
,,,,Domaine Rieflé-Landmann,2441,,
,,,,Domaine Roland Schmitt,2442,,
,,,,Château Bellevue la Forêt,2443,,
,,,,Les Vins Bréban,2444,,
,,,,Lundeen,2445,,
,,,,Clif Family,2446,,
,,,,Cinder,2447,,
,,,,Nicolas Potel,2448,,
,,,,Domaine de la Tour Blanche,2449,,
,,,,Quinta do Pinto,2450,,
,,,,Brooklyn Oenology,2451,,
,,,,Arbor Brook,2452,,
,,,,Livernano,2453,,
,,,,Perrier Jouët,2454,,
,,,,Star Lane Vineyard,2455,,
,,,,Familia Cassone,2456,,
,,,,Vista Hills,2457,,
,,,,Steelhead Vineyards,2458,,
,,,,Stuhlmuller Vineyards,2459,,
,,,,Symington Family Estates,2460,,
,,,,Vie di Romans,2461,,
,,,,Heidsieck & Co Monopole,2462,,
,,,,Vidigal,2463,,
,,,,Omero,2464,,
,,,,Dominus,2465,,
,,,,Goodfellow,2466,,
,,,,Château de Fieuzal,2467,,
,,,,Fischer,2468,,
,,,,Martin Schaetzel,2469,,
,,,,Hartford Court,2470,,
,,,,San Felice,2471,,
,,,,Quinta dos Murças,2472,,
,,,,Jermann,2473,,
,,,,Capezzana,2474,,
,,,,Couloir,2475,,
,,,,Joseph Faiveley,2476,,
,,,,Jim Barry,2477,,
,,,,Fanti,2478,,
,,,,Cycles Gladiator,2479,,
,,,,Domaine Bernhard & Reibel,2480,,
,,,,Livio Felluga,2481,,
,,,,Palmer,2482,,
,,,,Vallobera,2483,,
,,,,Piper-Heidsieck,2484,,
,,,,Bishop's Peak,2485,,
,,,,Cave de Saumur,2486,,
,,,,Domaine Christian Moreau Père et Fils,2487,,
,,,,Cesari,2488,,
,,,,Oddero,2489,,
,,,,Domaine Bruno Clair,2490,,
,,,,Kracher,2491,,
,,,,Côte Bonneville,2492,,
,,,,Grassini,2493,,
,,,,Camigliano,2494,,
,,,,Willow Crest,2495,,
,,,,Fossil Point,2496,,
,,,,Hug,2497,,
,,,,Trombetta,2498,,
,,,,Josh Cellars,2499,,
,,,,Zantho,2500,,
,,,,A to Z,2501,,
,,,,Eder,2502,,
,,,,Johanneshof Reinisch,2503,,
,,,,Borsao,2504,,
,,,,Collemassari,2505,,
,,,,Campo alla Sughera,2506,,
,,,,Bolney Wine Estate,2507,,
,,,,Château Ausone,2508,,
,,,,Fields Family,2509,,
,,,,Domaine LeSeurre,2510,,
,,,,Château Pilet,2511,,
,,,,Barra of Mendocino,2512,,
,,,,StoneCap,2513,,
,,,,Melini,2514,,
,,,,Fattoria di Magliano,2515,,
,,,,San Biagio,2516,,
,,,,Hard Row To Hoe,2517,,
,,,,Montaribaldi,2518,,
,,,,Early Mountain,2519,,
,,,,Castello di Monsanto,2520,,
,,,,Albino Armani,2521,,
,,,,Ayoub,2522,,
,,,,Gosset,2523,,
,,,,Leoness,2524,,
,,,,Castello di Poppiano,2525,,
,,,,Latah Creek,2526,,
,,,,E16,2527,,
,,,,Tenuta Vitanza,2528,,
,,,,Domaine Gresser,2529,,
,,,,Friedrich-Wilhelm-Gymnasium,2530,,
,,,,Vincent,2531,,
,,,,Corner 103,2532,,
,,,,Merry Cellars,2533,,
,,,,Argiano,2534,,
,,,,Page Cellars,2535,,
,,,,Louis Tête,2536,,
,,,,Domaine Louis Moreau,2537,,
,,,,Boscarelli,2538,,
,,,,Terre di Talamo,2539,,
,,,,Suberli,2540,,
,,,,Herdade das Servas,2541,,
,,,,Feudo di Santa Tresa,2542,,
,,,,Kelley Fox,2543,,
,,,,Telmo Rodríguez,2544,,
,,,,Tangley Oaks,2545,,
,,,,Sandhi,2546,,
,,,,Jackson Estate,2547,,
,,,,Tulip Winery,2548,,
,,,,Domaine Houchart,2549,,
,,,,Gifford Hirlinger,2550,,
,,,,Cave de Tain,2551,,
,,,,Magistrate,2552,,
,,,,Girolamo Russo,2553,,
,,,,Marco Abella,2554,,
,,,,Villa Russiz,2555,,
,,,,AuburnJames,2556,,
,,,,Cascina delle Rose,2557,,
,,,,Maysara,2558,,
,,,,Marisco Vineyards,2559,,
,,,,Feudo Principi di Butera,2560,,
,,,,Château Bertinerie,2561,,
,,,,Domaine Perrot-Minot,2562,,
,,,,Inception,2563,,
,,,,Vega Sindoa,2564,,
,,,,Rosemont,2565,,
,,,,Larchago,2566,,
,,,,Domaine Pommier,2567,,
,,,,Peter Lehmann,2568,,
